ISO-10303-21;
HEADER;
FILE_DESCRIPTION (( 'STEP AP214' ),
    '1' );
FILE_NAME ('Turbo Fan Pylon Mound SolidWorks-for github.STEP',
    '2026-09-25T19:11:27',
    ( '' ),
    ( '' ),
    'SwSTEP 2.0',
    'SolidWorks 2026',
    '' );
FILE_SCHEMA (( 'AUTOMOTIVE_DESIGN' ));
ENDSEC;

DATA;
#1 = CYLINDRICAL_SURFACE ( 'NONE', #2340, 8.999999999999994671 ) ;
#2 = CARTESIAN_POINT ( 'NONE',  ( 120.0000000000000142, 0.02499999999999464456, 74.00000000000000000 ) ) ;
#3 = CARTESIAN_POINT ( 'NONE',  ( 38.00000000000000711, -141.0000000000000000, -40.00000000000000000 ) ) ;
#4 = EDGE_CURVE ( 'NONE', #526, #1597, #1407, .T. ) ;
#5 = EDGE_CURVE ( 'NONE', #1634, #55, #1854, .T. ) ;
#6 = CARTESIAN_POINT ( 'NONE',  ( -120.4093062531487277, -1.999938396206200286, -54.00000000000000000 ) ) ;
#7 = EDGE_LOOP ( 'NONE', ( #3051, #1024, #1595, #1930, #1824 ) ) ;
#8 = CARTESIAN_POINT ( 'NONE',  ( -120.0000000000000000, -2.602085213965210642E-15, 65.00000000000000000 ) ) ;
#9 = CARTESIAN_POINT ( 'NONE',  ( 71.31444453095944880, -152.0315209439428656, -54.00000000000000000 ) ) ;
#10 = CARTESIAN_POINT ( 'NONE',  ( 120.6712860791047603, -2.000000000000001776, 54.00000000000000000 ) ) ;
#11 = LINE ( 'NONE', #1260, #1977 ) ;
#12 = EDGE_LOOP ( 'NONE', ( #369, #2294, #660, #3020 ) ) ;
#13 = DIRECTION ( 'NONE',  ( -0.000000000000000000, -1.000000000000000000, -0.000000000000000000 ) ) ;
#14 = ORIENTED_EDGE ( 'NONE', *, *, #854, .F. ) ;
#15 = CARTESIAN_POINT ( 'NONE',  ( 120.0000000000000000, -2.602085213965210642E-15, -65.00000000000000000 ) ) ;
#16 = CARTESIAN_POINT ( 'NONE',  ( 120.0000000000000000, -2.602085213965210642E-15, -65.00000000000000000 ) ) ;
#17 = LINE ( 'NONE', #2953, #443 ) ;
#18 = EDGE_CURVE ( 'NONE', #370, #3103, #391, .T. ) ;
#19 = DIRECTION ( 'NONE',  ( 0.000000000000000000, 0.000000000000000000, -1.000000000000000000 ) ) ;
#20 = ORIENTED_EDGE ( 'NONE', *, *, #337, .F. ) ;
#21 = DIRECTION ( 'NONE',  ( -0.000000000000000000, -1.000000000000000000, -0.000000000000000000 ) ) ;
#22 = FACE_BOUND ( 'NONE', #2273, .T. ) ;
#23 = ORIENTED_EDGE ( 'NONE', *, *, #122, .F. ) ;
#24 = EDGE_CURVE ( 'NONE', #1652, #1993, #947, .T. ) ;
#25 = DIRECTION ( 'NONE',  ( -0.000000000000000000, 1.000000000000000000, 0.000000000000000000 ) ) ;
#26 = VERTEX_POINT ( 'NONE', #1323 ) ;
#27 = AXIS2_PLACEMENT_3D ( 'NONE', #523, #1227, #1992 ) ;
#28 = DIRECTION ( 'NONE',  ( -0.000000000000000000, -1.000000000000000000, -0.000000000000000000 ) ) ;
#29 = VERTEX_POINT ( 'NONE', #366 ) ;
#30 = CIRCLE ( 'NONE', #2223, 11.99999999999999645 ) ;
#31 = CARTESIAN_POINT ( 'NONE',  ( -119.3287139208950407, -2.000000000000001776, 54.00000000000000000 ) ) ;
#32 = CARTESIAN_POINT ( 'NONE',  ( -120.0000000000000000, -2.602085213965210642E-15, 55.97499999999999432 ) ) ;
#33 = CARTESIAN_POINT ( 'NONE',  ( 39.41604053196154211, -2.000000000000002665, -54.00000000000000000 ) ) ;
#34 = CIRCLE ( 'NONE', #2477, 9.025000000000005684 ) ;
#35 = AXIS2_PLACEMENT_3D ( 'NONE', #1530, #2500, #2258 ) ;
#36 = DIRECTION ( 'NONE',  ( -0.000000000000000000, -1.000000000000000000, -0.000000000000000000 ) ) ;
#37 = ORIENTED_EDGE ( 'NONE', *, *, #2998, .T. ) ;
#38 = AXIS2_PLACEMENT_3D ( 'NONE', #52, #1282, #2301 ) ;
#39 = VECTOR ( 'NONE', #3104, 1000.000000000000114 ) ;
#40 = FACE_OUTER_BOUND ( 'NONE', #2587, .T. ) ;
#41 = ORIENTED_EDGE ( 'NONE', *, *, #1703, .T. ) ;
#42 = EDGE_CURVE ( 'NONE', #2971, #3112, #2422, .T. ) ;
#43 = EDGE_CURVE ( 'NONE', #1410, #2971, #1802, .T. ) ;
#44 = VECTOR ( 'NONE', #768, 1000.000000000000000 ) ;
#45 = DIRECTION ( 'NONE',  ( -0.000000000000000000, -0.000000000000000000, -1.000000000000000000 ) ) ;
#46 = VERTEX_POINT ( 'NONE', #1623 ) ;
#47 = CIRCLE ( 'NONE', #2342, 2.000000000000000000 ) ;
#48 = FACE_OUTER_BOUND ( 'NONE', #388, .T. ) ;
#49 = VERTEX_POINT ( 'NONE', #1816 ) ;
#50 = AXIS2_PLACEMENT_3D ( 'NONE', #2348, #646, #402 ) ;
#51 = DIRECTION ( 'NONE',  ( 1.000000000000000000, 0.000000000000000000, 0.000000000000000000 ) ) ;
#52 = CARTESIAN_POINT ( 'NONE',  ( -120.0000000000000000, 14.00000000000000000, 65.00000000000000000 ) ) ;
#53 = DIRECTION ( 'NONE',  ( -0.000000000000000000, -0.000000000000000000, -1.000000000000000000 ) ) ;
#54 = DIRECTION ( 'NONE',  ( 0.000000000000000000, 1.000000000000000000, 0.000000000000000000 ) ) ;
#55 = VERTEX_POINT ( 'NONE', #1866 ) ;
#56 = ORIENTED_EDGE ( 'NONE', *, *, #1448, .T. ) ;
#57 = DIRECTION ( 'NONE',  ( 1.000000000000000000, 0.000000000000000000, 0.000000000000000000 ) ) ;
#58 = ORIENTED_EDGE ( 'NONE', *, *, #2210, .F. ) ;
#59 = EDGE_CURVE ( 'NONE', #1876, #1888, #1358, .T. ) ;
#60 = EDGE_LOOP ( 'NONE', ( #1342, #2880, #978, #2225 ) ) ;
#61 = CARTESIAN_POINT ( 'NONE',  ( -120.0000000000000000, 9.999999999999994671, -65.00000000000000000 ) ) ;
#62 = CARTESIAN_POINT ( 'NONE',  ( -39.95089116864510004, -1.999809952871498320, 54.00000000000000000 ) ) ;
#63 = CYLINDRICAL_SURFACE ( 'NONE', #662, 5.500000000000005329 ) ;
#64 = CARTESIAN_POINT ( 'NONE',  ( -39.99999999999999289, 0.000000000000000000, 65.00000000000000000 ) ) ;
#65 = EDGE_CURVE ( 'NONE', #1582, #1471, #2718, .T. ) ;
#66 = DIRECTION ( 'NONE',  ( 0.000000000000000000, 0.000000000000000000, -1.000000000000000000 ) ) ;
#67 = CYLINDRICAL_SURFACE ( 'NONE', #564, 8.999999999999994671 ) ;
#68 = EDGE_LOOP ( 'NONE', ( #1836, #1037, #3107, #451 ) ) ;
#69 = ORIENTED_EDGE ( 'NONE', *, *, #2306, .T. ) ;
#70 =( NAMED_UNIT ( * ) PLANE_ANGLE_UNIT ( ) SI_UNIT ( $, .RADIAN. ) );
#71 = ORIENTED_EDGE ( 'NONE', *, *, #1252, .T. ) ;
#72 = LINE ( 'NONE', #1052, #2339 ) ;
#73 = ORIENTED_EDGE ( 'NONE', *, *, #403, .F. ) ;
#74 = ORIENTED_EDGE ( 'NONE', *, *, #854, .T. ) ;
#75 = LINE ( 'NONE', #2717, #622 ) ;
#76 = AXIS2_PLACEMENT_3D ( 'NONE', #1144, #2367, #1688 ) ;
#77 = DIRECTION ( 'NONE',  ( -0.000000000000000000, -1.000000000000000000, -0.000000000000000000 ) ) ;
#78 = CARTESIAN_POINT ( 'NONE',  ( -39.99999999999999289, 9.999999999999994671, 74.00000000000000000 ) ) ;
#79 = CARTESIAN_POINT ( 'NONE',  ( 120.6712860791049309, -2.000000000000001776, -54.00000000000000000 ) ) ;
#80 = AXIS2_PLACEMENT_3D ( 'NONE', #2965, #1990, #995 ) ;
#81 = PRODUCT_DEFINITION ( 'UNKNOWN', '', #1173, #2783 ) ;
#82 = ADVANCED_FACE ( 'NONE', ( #1115 ), #1557, .F. ) ;
#83 =( BOUNDED_SURFACE ( )  B_SPLINE_SURFACE ( 3, 2, ( 
 ( #3151, #1732, #2000 ),
 ( #2951, #741, #2693 ),
 ( #1265, #2411, #2444 ),
 ( #2706, #1439, #1748 ) ),
 .UNSPECIFIED., .F., .F., .F. ) 
 B_SPLINE_SURFACE_WITH_KNOTS ( ( 4, 4 ),
 ( 3, 3 ),
 ( 0.006593514117989385595, 0.007951212332965319415 ),
 ( 0.000000000000000000, 1.000000000000000000 ),
 .UNSPECIFIED. ) 
 GEOMETRIC_REPRESENTATION_ITEM ( )  RATIONAL_B_SPLINE_SURFACE ( (
 ( 1.000000000000000000, 0.7071067811865460184, 1.000000000000000000),
 ( 1.000000000000000000, 0.7129803012494323466, 1.000000000000000000),
 ( 1.000000000000000000, 0.7129799938122313163, 1.000000000000000000),
 ( 1.000000000000000000, 0.7071067811865460184, 1.000000000000000000) ) ) 
 REPRESENTATION_ITEM ( '' )  SURFACE ( )  );
#84 = VECTOR ( 'NONE', #1380, 1000.000000000000000 ) ;
#85 = CARTESIAN_POINT ( 'NONE',  ( -39.99999999999999289, 0.000000000000000000, 65.00000000000000000 ) ) ;
#86 = DIRECTION ( 'NONE',  ( -0.000000000000000000, -1.000000000000000000, -0.000000000000000000 ) ) ;
#87 = ORIENTED_EDGE ( 'NONE', *, *, #2631, .F. ) ;
#88 = MECHANICAL_DESIGN_GEOMETRIC_PRESENTATION_REPRESENTATION (  '', ( #1264 ), #1570 ) ;
#89 = VECTOR ( 'NONE', #360, 1000.000000000000000 ) ;
#90 = ORIENTED_EDGE ( 'NONE', *, *, #1021, .F. ) ;
#91 = CIRCLE ( 'NONE', #407, 8.999999999999994671 ) ;
#92 = SURFACE_SIDE_STYLE ('',( #1995 ) ) ;
#93 = ORIENTED_EDGE ( 'NONE', *, *, #624, .F. ) ;
#94 = DIRECTION ( 'NONE',  ( -0.000000000000000000, -1.000000000000000000, -0.000000000000000000 ) ) ;
#95 = EDGE_LOOP ( 'NONE', ( #2419, #1823 ) ) ;
#96 = AXIS2_PLACEMENT_3D ( 'NONE', #1229, #491, #953 ) ;
#97 = VERTEX_POINT ( 'NONE', #2106 ) ;
#98 = CIRCLE ( 'NONE', #668, 9.024999999999998579 ) ;
#99 = CARTESIAN_POINT ( 'NONE',  ( -39.32871392089515439, -2.000000000000001776, 54.00000000000000000 ) ) ;
#100 = CARTESIAN_POINT ( 'NONE',  ( -40.00000000000000711, 0.02499999999999464456, -65.00000000000000000 ) ) ;
#101 = LINE ( 'NONE', #1831, #700 ) ;
#102 = AXIS2_PLACEMENT_3D ( 'NONE', #2111, #2804, #661 ) ;
#103 = EDGE_CURVE ( 'NONE', #2956, #1775, #2622, .T. ) ;
#104 = LINE ( 'NONE', #1046, #358 ) ;
#105 = ORIENTED_EDGE ( 'NONE', *, *, #695, .F. ) ;
#106 = CARTESIAN_POINT ( 'NONE',  ( -120.6712860791049309, -2.602085213965210642E-15, -56.00000000000000000 ) ) ;
#107 = CARTESIAN_POINT ( 'NONE',  ( -40.67128607910483140, -2.000000000000002665, 56.00000000000000000 ) ) ;
#108 = ORIENTED_EDGE ( 'NONE', *, *, #791, .T. ) ;
#109 = EDGE_CURVE ( 'NONE', #1754, #566, #1104, .T. ) ;
#110 = DIRECTION ( 'NONE',  ( -0.000000000000000000, -1.000000000000000000, -0.000000000000000000 ) ) ;
#111 = ORIENTED_EDGE ( 'NONE', *, *, #1703, .F. ) ;
#112 = ORIENTED_EDGE ( 'NONE', *, *, #2666, .T. ) ;
#113 = DIRECTION ( 'NONE',  ( 0.000000000000000000, 0.000000000000000000, -1.000000000000000000 ) ) ;
#114 = EDGE_LOOP ( 'NONE', ( #1357, #143 ) ) ;
#115 = CARTESIAN_POINT ( 'NONE',  ( -143.0519435285098382, -6.000000000000001776, -40.00000000000000000 ) ) ;
#116 = CARTESIAN_POINT ( 'NONE',  ( 120.3110886344353787, -2.000000000000000000, -54.00000000000000000 ) ) ;
#117 = FACE_OUTER_BOUND ( 'NONE', #2483, .T. ) ;
#118 = VERTEX_POINT ( 'NONE', #2070 ) ;
#119 = EDGE_CURVE ( 'NONE', #1507, #1497, #1385, .T. ) ;
#120 = DIRECTION ( 'NONE',  ( -0.000000000000000000, -1.000000000000000000, -0.000000000000000000 ) ) ;
#121 = ADVANCED_FACE ( 'NONE', ( #2575 ), #2356, .F. ) ;
#122 = EDGE_CURVE ( 'NONE', #526, #205, #1916, .T. ) ;
#123 = CARTESIAN_POINT ( 'NONE',  ( 119.3287139208950549, -2.000000000000001776, -54.00000000000000000 ) ) ;
#124 = EDGE_LOOP ( 'NONE', ( #1585, #775, #1628, #1243, #2277, #330 ) ) ;
#125 = DIRECTION ( 'NONE',  ( -0.000000000000000000, -1.000000000000000000, -0.000000000000000000 ) ) ;
#126 = ORIENTED_EDGE ( 'NONE', *, *, #2920, .F. ) ;
#127 = VERTEX_POINT ( 'NONE', #1096 ) ;
#128 = LINE ( 'NONE', #323, #2331 ) ;
#129 = VERTEX_POINT ( 'NONE', #106 ) ;
#130 = FACE_OUTER_BOUND ( 'NONE', #687, .T. ) ;
#131 = CARTESIAN_POINT ( 'NONE',  ( 119.7699998000460653, -0.03291433799984695013, 54.00000000000770228 ) ) ;
#132 = AXIS2_PLACEMENT_3D ( 'NONE', #3048, #880, #732 ) ;
#133 = AXIS2_PLACEMENT_3D ( 'NONE', #627, #2776, #1066 ) ;
#134 = DIRECTION ( 'NONE',  ( 0.000000000000000000, 0.000000000000000000, 1.000000000000000000 ) ) ;
#135 = ORIENTED_EDGE ( 'NONE', *, *, #1662, .T. ) ;
#136 = AXIS2_PLACEMENT_3D ( 'NONE', #2224, #507, #2954 ) ;
#137 = DIRECTION ( 'NONE',  ( 0.000000000000000000, -0.7071067811864985009, -0.7071067811865965336 ) ) ;
#138 = VECTOR ( 'NONE', #1167, 1000.000000000000000 ) ;
#139 = AXIS2_PLACEMENT_3D ( 'NONE', #540, #299, #1818 ) ;
#140 = CARTESIAN_POINT ( 'NONE',  ( -39.99999999999999289, -2.602085213965210642E-15, 65.00000000000000000 ) ) ;
#141 = EDGE_LOOP ( 'NONE', ( #58, #2967, #2082, #1792 ) ) ;
#142 = DIRECTION ( 'NONE',  ( -0.000000000000000000, -1.000000000000000000, -0.000000000000000000 ) ) ;
#143 = ORIENTED_EDGE ( 'NONE', *, *, #890, .F. ) ;
#144 = EDGE_CURVE ( 'NONE', #1497, #969, #2042, .T. ) ;
#145 = UNCERTAINTY_MEASURE_WITH_UNIT (LENGTH_MEASURE( 1.000000000000000082E-05 ), #2309, 'distance_accuracy_value', 'NONE');
#146 = EDGE_LOOP ( 'NONE', ( #3085, #1730, #1573, #20 ) ) ;
#147 = DIRECTION ( 'NONE',  ( 1.000000000000000000, 0.000000000000000000, 0.000000000000000000 ) ) ;
#148 = ORIENTED_EDGE ( 'NONE', *, *, #941, .F. ) ;
#149 = AXIS2_PLACEMENT_3D ( 'NONE', #175, #2615, #2821 ) ;
#150 = DIRECTION ( 'NONE',  ( -1.000000000000000000, 0.000000000000000000, -1.387778780781444256E-14 ) ) ;
#151 = FACE_OUTER_BOUND ( 'NONE', #2088, .T. ) ;
#152 = DIRECTION ( 'NONE',  ( -0.000000000000000000, -1.000000000000000000, -0.000000000000000000 ) ) ;
#153 = AXIS2_PLACEMENT_3D ( 'NONE', #1796, #2487, #2753 ) ;
#154 = DIRECTION ( 'NONE',  ( 0.000000000000000000, 0.000000000000000000, -1.000000000000000000 ) ) ;
#155 = CARTESIAN_POINT ( 'NONE',  ( 120.0000000000000000, 9.999999999999994671, -55.99999999999999289 ) ) ;
#156 = DIRECTION ( 'NONE',  ( 0.000000000000000000, 0.000000000000000000, -1.000000000000000000 ) ) ;
#157 = ORIENTED_EDGE ( 'NONE', *, *, #1178, .F. ) ;
#158 = VERTEX_POINT ( 'NONE', #1083 ) ;
#159 =( NAMED_UNIT ( * ) SI_UNIT ( $, .STERADIAN. ) SOLID_ANGLE_UNIT ( ) );
#160 = EDGE_CURVE ( 'NONE', #3033, #439, #1871, .T. ) ;
#161 = DIRECTION ( 'NONE',  ( -0.000000000000000000, -1.000000000000000000, -0.000000000000000000 ) ) ;
#162 = ORIENTED_EDGE ( 'NONE', *, *, #2381, .F. ) ;
#163 = DIRECTION ( 'NONE',  ( -0.000000000000000000, -1.000000000000000000, -0.000000000000000000 ) ) ;
#164 = DIRECTION ( 'NONE',  ( -1.000000000000000000, -1.084202172485504557E-16, 0.000000000000000000 ) ) ;
#165 = ADVANCED_FACE ( 'NONE', ( #2091 ), #1370, .F. ) ;
#166 = CARTESIAN_POINT ( 'NONE',  ( 40.00000000000000711, 9.999999999999994671, 70.50000000000000000 ) ) ;
#167 = EDGE_CURVE ( 'NONE', #2218, #597, #2904, .T. ) ;
#168 = DIRECTION ( 'NONE',  ( -0.000000000000000000, -1.000000000000000000, -0.000000000000000000 ) ) ;
#169 = FACE_OUTER_BOUND ( 'NONE', #3092, .T. ) ;
#170 = DIRECTION ( 'NONE',  ( -1.000000000000000000, 0.000000000000000000, 0.000000000000000000 ) ) ;
#171 = ORIENTED_EDGE ( 'NONE', *, *, #2337, .T. ) ;
#172 = ORIENTED_EDGE ( 'NONE', *, *, #2464, .T. ) ;
#173 = LINE ( 'NONE', #1391, #952 ) ;
#174 = ORIENTED_EDGE ( 'NONE', *, *, #534, .F. ) ;
#175 = CARTESIAN_POINT ( 'NONE',  ( 50.00000000000000000, -141.0000000000000000, 54.00000000000000000 ) ) ;
#176 = CARTESIAN_POINT ( 'NONE',  ( -120.0000000000000000, -2.602085213965210642E-15, -65.00000000000000000 ) ) ;
#177 = CARTESIAN_POINT ( 'NONE',  ( 39.99999999999999289, 0.000000000000000000, -74.00000000000000000 ) ) ;
#178 = EDGE_CURVE ( 'NONE', #3112, #1666, #3141, .T. ) ;
#179 = EDGE_CURVE ( 'NONE', #1418, #1186, #907, .T. ) ;
#180 = VECTOR ( 'NONE', #2119, 1000.000000000000000 ) ;
#181 = FACE_OUTER_BOUND ( 'NONE', #2169, .T. ) ;
#182 = AXIS2_PLACEMENT_3D ( 'NONE', #2194, #2933, #743 ) ;
#183 = CYLINDRICAL_SURFACE ( 'NONE', #2336, 5.500000000000005329 ) ;
#184 = AXIS2_PLACEMENT_3D ( 'NONE', #2050, #872, #1847 ) ;
#185 = DIRECTION ( 'NONE',  ( 0.000000000000000000, 0.000000000000000000, -1.000000000000000000 ) ) ;
#186 = ORIENTED_EDGE ( 'NONE', *, *, #2689, .T. ) ;
#187 = ORIENTED_EDGE ( 'NONE', *, *, #2344, .F. ) ;
#188 = CIRCLE ( 'NONE', #705, 9.024999999999991473 ) ;
#189 = CARTESIAN_POINT ( 'NONE',  ( 150.0000000000000000, 14.00000000000000000, 75.00000000000000000 ) ) ;
#190 = ORIENTED_EDGE ( 'NONE', *, *, #2612, .F. ) ;
#191 = CARTESIAN_POINT ( 'NONE',  ( 120.0000000000000000, -2.602085213965210642E-15, -74.02500000000000568 ) ) ;
#192 = LINE ( 'NONE', #2808, #948 ) ;
#193 = VECTOR ( 'NONE', #1473, 1000.000000000000000 ) ;
#194 = AXIS2_PLACEMENT_3D ( 'NONE', #1727, #708, #515 ) ;
#195 = LINE ( 'NONE', #2400, #460 ) ;
#196 = AXIS2_PLACEMENT_3D ( 'NONE', #937, #266, #231 ) ;
#197 = ORIENTED_EDGE ( 'NONE', *, *, #466, .F. ) ;
#198 = ADVANCED_FACE ( 'NONE', ( #2387, #181 ), #2164, .F. ) ;
#199 = VECTOR ( 'NONE', #376, 1000.000000000000000 ) ;
#200 = DIRECTION ( 'NONE',  ( 0.000000000000000000, 0.000000000000000000, -1.000000000000000000 ) ) ;
#201 = CIRCLE ( 'NONE', #3095, 9.025000000000005684 ) ;
#202 = DIRECTION ( 'NONE',  ( 0.000000000000000000, 0.000000000000000000, -1.000000000000000000 ) ) ;
#203 = DIRECTION ( 'NONE',  ( -0.4596467059976211966, -0.8881018554566453282, 0.000000000000000000 ) ) ;
#204 = ORIENTED_EDGE ( 'NONE', *, *, #1317, .F. ) ;
#205 = VERTEX_POINT ( 'NONE', #1160 ) ;
#206 = ADVANCED_FACE ( 'NONE', ( #922 ), #2871, .F. ) ;
#207 = CARTESIAN_POINT ( 'NONE',  ( 150.0000000000000000, 0.000000000000000000, 56.00000000000000000 ) ) ;
#208 = VERTEX_POINT ( 'NONE', #2619 ) ;
#209 = CARTESIAN_POINT ( 'NONE',  ( -150.0000000000000000, 0.000000000000000000, -56.00000000000000000 ) ) ;
#210 = EDGE_LOOP ( 'NONE', ( #1050, #2399, #1492, #1642, #271 ) ) ;
#211 = DIRECTION ( 'NONE',  ( 1.000000000000000000, 0.000000000000000000, 0.000000000000000000 ) ) ;
#212 = ORIENTED_EDGE ( 'NONE', *, *, #1548, .T. ) ;
#213 = CARTESIAN_POINT ( 'NONE',  ( -120.6712860791049309, -2.602085213965210642E-15, 56.00000000000000000 ) ) ;
#214 = ADVANCED_FACE ( 'NONE', ( #2150 ), #1663, .F. ) ;
#215 = LINE ( 'NONE', #2165, #348 ) ;
#216 = PLANE ( 'NONE',  #2593 ) ;
#217 = ORIENTED_EDGE ( 'NONE', *, *, #2474, .F. ) ;
#218 = ADVANCED_FACE ( 'NONE', ( #1897 ), #3150, .F. ) ;
#219 = EDGE_CURVE ( 'NONE', #1363, #825, #229, .T. ) ;
#220 = CARTESIAN_POINT ( 'NONE',  ( 50.00000000000000000, -141.0000000000000000, 40.00000000000000000 ) ) ;
#221 = VERTEX_POINT ( 'NONE', #427 ) ;
#222 = DIRECTION ( 'NONE',  ( 0.000000000000000000, 0.000000000000000000, -1.000000000000000000 ) ) ;
#223 = VERTEX_POINT ( 'NONE', #2663 ) ;
#224 = CARTESIAN_POINT ( 'NONE',  ( -119.3287139208950549, -2.000000000000001776, 54.00000000000000000 ) ) ;
#225 = DIRECTION ( 'NONE',  ( -1.000000000000000000, -1.522074307058031767E-16, 0.000000000000000000 ) ) ;
#226 = DIRECTION ( 'NONE',  ( 0.000000000000000000, 1.000000000000000000, 0.000000000000000000 ) ) ;
#227 = DIRECTION ( 'NONE',  ( -0.000000000000000000, -1.000000000000000000, -0.000000000000000000 ) ) ;
#228 = DIRECTION ( 'NONE',  ( 0.000000000000000000, 0.000000000000000000, -1.000000000000000000 ) ) ;
#229 = CIRCLE ( 'NONE', #1205, 9.000000000000007105 ) ;
#230 = DIRECTION ( 'NONE',  ( -0.000000000000000000, -1.000000000000000000, -0.000000000000000000 ) ) ;
#231 = DIRECTION ( 'NONE',  ( 0.000000000000000000, 0.000000000000000000, -1.000000000000000000 ) ) ;
#232 = CIRCLE ( 'NONE', #286, 2.000000000000001776 ) ;
#233 = CIRCLE ( 'NONE', #2023, 8.999999999999994671 ) ;
#234 = DIRECTION ( 'NONE',  ( -0.000000000000000000, -1.000000000000000000, -0.000000000000000000 ) ) ;
#235 = EDGE_CURVE ( 'NONE', #3103, #205, #1668, .T. ) ;
#236 = ORIENTED_EDGE ( 'NONE', *, *, #1026, .T. ) ;
#237 = ADVANCED_FACE ( 'NONE', ( #2636 ), #463, .F. ) ;
#238 = LINE ( 'NONE', #2896, #1269 ) ;
#239 = VERTEX_POINT ( 'NONE', #2402 ) ;
#240 = AXIS2_PLACEMENT_3D ( 'NONE', #1932, #1693, #481 ) ;
#241 = DIRECTION ( 'NONE',  ( 8.659560562355533132E-17, -0.7071067811864985009, 0.7071067811865965336 ) ) ;
#242 = CIRCLE ( 'NONE', #1212, 5.500000000000005329 ) ;
#243 = CARTESIAN_POINT ( 'NONE',  ( 40.00000000000000711, -2.602085213965210642E-15, 65.00000000000000000 ) ) ;
#244 = LINE ( 'NONE', #1699, #1003 ) ;
#245 = CYLINDRICAL_SURFACE ( 'NONE', #1130, 11.99999999999999645 ) ;
#246 = AXIS2_PLACEMENT_3D ( 'NONE', #2353, #389, #3068 ) ;
#247 = AXIS2_PLACEMENT_3D ( 'NONE', #1641, #3080, #1887 ) ;
#248 = CARTESIAN_POINT ( 'NONE',  ( -120.6712860791049309, -2.000000000000002665, -54.00000000000000000 ) ) ;
#249 = CIRCLE ( 'NONE', #3093, 8.999999999999994671 ) ;
#250 = FACE_OUTER_BOUND ( 'NONE', #1513, .T. ) ;
#251 = CARTESIAN_POINT ( 'NONE',  ( -120.0000000000000000, 9.999999999999994671, -59.50000000000000000 ) ) ;
#252 = DIRECTION ( 'NONE',  ( 0.000000000000000000, 0.000000000000000000, 1.000000000000000000 ) ) ;
#253 = CONICAL_SURFACE ( 'NONE', #2041, 9.024999999999991473, 0.7853981633974482790 ) ;
#254 = FACE_OUTER_BOUND ( 'NONE', #2937, .T. ) ;
#255 = EDGE_LOOP ( 'NONE', ( #1349, #2451, #2406, #508 ) ) ;
#256 = DIRECTION ( 'NONE',  ( -0.000000000000000000, -1.000000000000000000, -0.000000000000000000 ) ) ;
#257 = ORIENTED_EDGE ( 'NONE', *, *, #179, .T. ) ;
#258 = EDGE_CURVE ( 'NONE', #615, #3003, #2071, .T. ) ;
#259 = CARTESIAN_POINT ( 'NONE',  ( -120.2261753003605378, 1.151843577401011903E-16, 55.96680036924178836 ) ) ;
#260 = DIRECTION ( 'NONE',  ( 0.000000000000000000, 0.000000000000000000, -1.000000000000000000 ) ) ;
#261 = FACE_OUTER_BOUND ( 'NONE', #3030, .T. ) ;
#262 = CYLINDRICAL_SURFACE ( 'NONE', #1459, 5.999999999999998224 ) ;
#263 = VERTEX_POINT ( 'NONE', #213 ) ;
#264 = ADVANCED_FACE ( 'NONE', ( #1189 ), #2926, .F. ) ;
#265 = DIRECTION ( 'NONE',  ( -0.000000000000000000, -1.000000000000000000, -0.000000000000000000 ) ) ;
#266 = DIRECTION ( 'NONE',  ( 0.000000000000000000, -1.000000000000000000, 0.000000000000000000 ) ) ;
#267 = ORIENTED_EDGE ( 'NONE', *, *, #1690, .T. ) ;
#268 = DIRECTION ( 'NONE',  ( 1.000000000000000000, 0.000000000000000000, 0.000000000000000000 ) ) ;
#269 = VERTEX_POINT ( 'NONE', #2180 ) ;
#270 = CARTESIAN_POINT ( 'NONE',  ( -40.67128607910484561, -2.000000000000002665, -54.00000000000000000 ) ) ;
#271 = ORIENTED_EDGE ( 'NONE', *, *, #410, .T. ) ;
#272 = DIRECTION ( 'NONE',  ( -1.000000000000000000, 0.000000000000000000, 0.000000000000000000 ) ) ;
#273 = FACE_OUTER_BOUND ( 'NONE', #68, .T. ) ;
#274 = DIRECTION ( 'NONE',  ( 1.000000000000000000, -0.000000000000000000, -0.000000000000000000 ) ) ;
#275 = EDGE_CURVE ( 'NONE', #1949, #615, #1153, .T. ) ;
#276 = CARTESIAN_POINT ( 'NONE',  ( -40.00000000000000711, 0.02499999999999464456, -65.00000000000000000 ) ) ;
#277 = ORIENTED_EDGE ( 'NONE', *, *, #2538, .T. ) ;
#278 = DIRECTION ( 'NONE',  ( -0.000000000000000000, -1.000000000000000000, -0.000000000000000000 ) ) ;
#279 = ADVANCED_FACE ( 'NONE', ( #2447, #2495 ), #2710, .F. ) ;
#280 = DIRECTION ( 'NONE',  ( -1.000000000000000000, -1.084202172485504557E-16, 0.000000000000000000 ) ) ;
#281 = DIRECTION ( 'NONE',  ( 0.000000000000000000, 0.000000000000000000, -1.000000000000000000 ) ) ;
#282 = ORIENTED_EDGE ( 'NONE', *, *, #773, .F. ) ;
#283 = AXIS2_PLACEMENT_3D ( 'NONE', #2056, #608, #395 ) ;
#284 = FACE_OUTER_BOUND ( 'NONE', #2669, .T. ) ;
#285 = ORIENTED_EDGE ( 'NONE', *, *, #318, .F. ) ;
#286 = AXIS2_PLACEMENT_3D ( 'NONE', #325, #2067, #1108 ) ;
#287 = CARTESIAN_POINT ( 'NONE',  ( 0.000000000000000000, -0.000000000000000000, -56.00000000000000000 ) ) ;
#288 = CARTESIAN_POINT ( 'NONE',  ( 120.0000000000000000, -2.602085213965210642E-15, -55.97499999999999432 ) ) ;
#289 = PLANE ( 'NONE',  #2425 ) ;
#290 = AXIS2_PLACEMENT_3D ( 'NONE', #1567, #77, #2992 ) ;
#291 = CIRCLE ( 'NONE', #240, 5.499999999999998224 ) ;
#292 = DIRECTION ( 'NONE',  ( 0.000000000000000000, 0.000000000000000000, -1.000000000000000000 ) ) ;
#293 = VERTEX_POINT ( 'NONE', #2431 ) ;
#294 = CIRCLE ( 'NONE', #1571, 5.500000000000005329 ) ;
#295 = EDGE_CURVE ( 'NONE', #2989, #765, #1017, .T. ) ;
#296 = B_SPLINE_CURVE_WITH_KNOTS ( 'NONE', 3,
 ( #2757, #2052, #1587, #309, #341, #116, #79 ),
 .UNSPECIFIED., .F., .F.,
 ( 4, 3, 4 ),
 ( 0.000000000000000000, 0.0002619798332001911536, 0.001342572251666244911 ),
 .UNSPECIFIED. ) ;
#297 = VERTEX_POINT ( 'NONE', #1715 ) ;
#298 = VECTOR ( 'NONE', #1711, 1000.000000000000000 ) ;
#299 = DIRECTION ( 'NONE',  ( -0.000000000000000000, -1.000000000000000000, -0.000000000000000000 ) ) ;
#300 = ORIENTED_EDGE ( 'NONE', *, *, #1921, .T. ) ;
#301 = CIRCLE ( 'NONE', #2092, 2.000000000000000000 ) ;
#302 = CARTESIAN_POINT ( 'NONE',  ( 40.00000000000000711, 0.000000000000000000, 65.00000000000000000 ) ) ;
#303 = ORIENTED_EDGE ( 'NONE', *, *, #2705, .T. ) ;
#304 = FACE_OUTER_BOUND ( 'NONE', #255, .T. ) ;
#305 = CIRCLE ( 'NONE', #2441, 2.000000000000000000 ) ;
#306 = EDGE_CURVE ( 'NONE', #1320, #1646, #2021, .T. ) ;
#307 = CARTESIAN_POINT ( 'NONE',  ( -40.67128607910483140, -2.000000000000001776, 54.00000000000000000 ) ) ;
#308 = DIRECTION ( 'NONE',  ( 0.000000000000000000, 0.000000000000000000, -1.000000000000000000 ) ) ;
#309 = CARTESIAN_POINT ( 'NONE',  ( 119.5906937468522671, -1.999938396206199842, -54.00000000000000000 ) ) ;
#310 = CARTESIAN_POINT ( 'NONE',  ( -150.0000000000000000, 0.000000000000000000, 75.00000000000000000 ) ) ;
#311 = CARTESIAN_POINT ( 'NONE',  ( 120.0000000000000142, 0.000000000000000000, 65.00000000000000000 ) ) ;
#312 = VERTEX_POINT ( 'NONE', #1239 ) ;
#313 = ORIENTED_EDGE ( 'NONE', *, *, #3131, .F. ) ;
#314 = EDGE_CURVE ( 'NONE', #930, #2010, #1617, .T. ) ;
#315 = FILL_AREA_STYLE_COLOUR ( '', #1720 ) ;
#316 = VERTEX_POINT ( 'NONE', #536 ) ;
#317 = DIRECTION ( 'NONE',  ( 0.000000000000000000, 0.000000000000000000, -1.000000000000000000 ) ) ;
#318 = EDGE_CURVE ( 'NONE', #55, #2020, #1271, .T. ) ;
#319 = VERTEX_POINT ( 'NONE', #1957 ) ;
#320 = EDGE_CURVE ( 'NONE', #2312, #1949, #3076, .T. ) ;
#321 = ORIENTED_EDGE ( 'NONE', *, *, #65, .T. ) ;
#322 = FACE_OUTER_BOUND ( 'NONE', #2897, .T. ) ;
#323 = CARTESIAN_POINT ( 'NONE',  ( -150.0000000000000000, 14.00000000000000000, 75.00000000000000000 ) ) ;
#324 = DIRECTION ( 'NONE',  ( 0.000000000000000000, 0.000000000000000000, -1.000000000000000000 ) ) ;
#325 = CARTESIAN_POINT ( 'NONE',  ( -40.67128607910484561, -2.000000000000001776, -56.00000000000000000 ) ) ;
#326 = DIRECTION ( 'NONE',  ( -0.000000000000000000, -1.000000000000000000, -0.000000000000000000 ) ) ;
#327 = CARTESIAN_POINT ( 'NONE',  ( 39.32871392089515439, -2.000000000000002665, -54.00000000000000000 ) ) ;
#328 = ORIENTED_EDGE ( 'NONE', *, *, #2766, .T. ) ;
#329 =( BOUNDED_CURVE ( )  B_SPLINE_CURVE ( 3, ( #115, #837, #852, #340 ),
 .UNSPECIFIED., .F., .F. ) 
 B_SPLINE_CURVE_WITH_KNOTS ( ( 4, 4 ),
 ( 4.712388980384687009, 5.756840226803070948 ),
 .UNSPECIFIED. ) 
 CURVE ( )  GEOMETRIC_REPRESENTATION_ITEM ( )  RATIONAL_B_SPLINE_CURVE ( ( 1.000000000000000000, 0.9111407755315653612, 0.9111407755315653612, 1.000000000000000000 ) ) 
 REPRESENTATION_ITEM ( '' )  );
#330 = ORIENTED_EDGE ( 'NONE', *, *, #1536, .T. ) ;
#331 = LINE ( 'NONE', #1771, #2834 ) ;
#332 = ORIENTED_EDGE ( 'NONE', *, *, #1159, .T. ) ;
#333 = CARTESIAN_POINT ( 'NONE',  ( -120.6712860791049167, -2.000000000000001776, -54.00000000000000000 ) ) ;
#334 = ORIENTED_EDGE ( 'NONE', *, *, #2654, .F. ) ;
#335 = VERTEX_POINT ( 'NONE', #2254 ) ;
#336 = CARTESIAN_POINT ( 'NONE',  ( 150.0000000000000000, 0.000000000000000000, 56.00000000000000000 ) ) ;
#337 = EDGE_CURVE ( 'NONE', #46, #1974, #1752, .T. ) ;
#338 = AXIS2_PLACEMENT_3D ( 'NONE', #718, #1398, #1430 ) ;
#339 = DIRECTION ( 'NONE',  ( -1.000000000000000000, 0.000000000000000000, 0.000000000000000000 ) ) ;
#340 = CARTESIAN_POINT ( 'NONE',  ( -149.0595735200051877, -0.8121060764433785106, -37.01425888701091793 ) ) ;
#341 = CARTESIAN_POINT ( 'NONE',  ( 119.9508911686209274, -1.999809952871508312, -54.00000000000000000 ) ) ;
#342 = CIRCLE ( 'NONE', #1560, 9.025000000000005684 ) ;
#343 = VECTOR ( 'NONE', #2863, 1000.000000000000227 ) ;
#344 = DIRECTION ( 'NONE',  ( 0.7568550267726046332, -0.6535827938746858745, 0.000000000000000000 ) ) ;
#345 = ORIENTED_EDGE ( 'NONE', *, *, #461, .T. ) ;
#346 = PRESENTATION_LAYER_ASSIGNMENT (  '', '', ( #1264 ) ) ;
#347 = EDGE_CURVE ( 'NONE', #1471, #1582, #1307, .T. ) ;
#348 = VECTOR ( 'NONE', #767, 1000.000000000000000 ) ;
#349 = DIRECTION ( 'NONE',  ( 0.000000000000000000, -1.000000000000000000, 0.000000000000000000 ) ) ;
#350 = VECTOR ( 'NONE', #2671, 1000.000000000000000 ) ;
#351 = CARTESIAN_POINT ( 'NONE',  ( -40.00000000000000711, -2.602085213965210642E-15, -65.00000000000000000 ) ) ;
#352 = ORIENTED_EDGE ( 'NONE', *, *, #2365, .F. ) ;
#353 = FACE_OUTER_BOUND ( 'NONE', #2836, .T. ) ;
#354 = ORIENTED_EDGE ( 'NONE', *, *, #2824, .F. ) ;
#355 = VECTOR ( 'NONE', #1608, 1000.000000000000000 ) ;
#356 = EDGE_LOOP ( 'NONE', ( #2658, #794, #611, #2716 ) ) ;
#357 = CARTESIAN_POINT ( 'NONE',  ( -39.77622119937135636, -1.999999998155509662, 54.00000000000000000 ) ) ;
#358 = VECTOR ( 'NONE', #1079, 1000.000000000000000 ) ;
#359 = LINE ( 'NONE', #3006, #1667 ) ;
#360 = DIRECTION ( 'NONE',  ( 0.000000000000000000, -0.7071067811864985009, -0.7071067811865965336 ) ) ;
#361 = CARTESIAN_POINT ( 'NONE',  ( -39.99999999999999289, 0.000000000000000000, 74.00000000000000000 ) ) ;
#362 = ADVANCED_FACE ( 'NONE', ( #2696 ), #262, .F. ) ;
#363 = LINE ( 'NONE', #3045, #1172 ) ;
#364 = ORIENTED_EDGE ( 'NONE', *, *, #1683, .T. ) ;
#365 = EDGE_CURVE ( 'NONE', #634, #29, #2374, .T. ) ;
#366 = CARTESIAN_POINT ( 'NONE',  ( -40.00000000000000711, 0.02499999999999464456, -74.00000000000000000 ) ) ;
#367 = ORIENTED_EDGE ( 'NONE', *, *, #2824, .T. ) ;
#368 = DIRECTION ( 'NONE',  ( -0.000000000000000000, -1.000000000000000000, -0.000000000000000000 ) ) ;
#369 = ORIENTED_EDGE ( 'NONE', *, *, #913, .F. ) ;
#370 = VERTEX_POINT ( 'NONE', #1478 ) ;
#371 = DIRECTION ( 'NONE',  ( -0.000000000000000000, -1.000000000000000000, -0.000000000000000000 ) ) ;
#372 = CARTESIAN_POINT ( 'NONE',  ( -119.3287139208950549, -2.000000000000001776, 54.00000000000000000 ) ) ;
#373 = EDGE_LOOP ( 'NONE', ( #707, #2410, #911, #3116 ) ) ;
#374 = CARTESIAN_POINT ( 'NONE',  ( 50.00000000000000000, -2.000000000000001776, 56.00000000000000000 ) ) ;
#375 = DIRECTION ( 'NONE',  ( 0.000000000000000000, 0.000000000000000000, -1.000000000000000000 ) ) ;
#376 = DIRECTION ( 'NONE',  ( 0.000000000000000000, 0.000000000000000000, 1.000000000000000000 ) ) ;
#377 = EDGE_LOOP ( 'NONE', ( #2047, #1590, #2714, #957 ) ) ;
#378 = EDGE_CURVE ( 'NONE', #985, #730, #2930, .T. ) ;
#379 = EDGE_CURVE ( 'NONE', #1048, #2453, #780, .T. ) ;
#380 = CARTESIAN_POINT ( 'NONE',  ( 120.0000000000000142, 14.00000000000000000, 65.00000000000000000 ) ) ;
#381 = PLANE ( 'NONE',  #449 ) ;
#382 = ORIENTED_EDGE ( 'NONE', *, *, #2666, .F. ) ;
#383 = LINE ( 'NONE', #416, #2036 ) ;
#384 = ORIENTED_EDGE ( 'NONE', *, *, #779, .T. ) ;
#385 = ORIENTED_EDGE ( 'NONE', *, *, #826, .F. ) ;
#386 = DIRECTION ( 'NONE',  ( 0.000000000000000000, 0.000000000000000000, -1.000000000000000000 ) ) ;
#387 = CARTESIAN_POINT ( 'NONE',  ( 50.00000000000000000, -141.0000000000000000, -54.00000000000000000 ) ) ;
#388 = EDGE_LOOP ( 'NONE', ( #2316, #3054, #2625, #257, #2144, #1188, #108, #809, #2461, #1534, #1900, #2803 ) ) ;
#389 = DIRECTION ( 'NONE',  ( -0.000000000000000000, -1.000000000000000000, -0.000000000000000000 ) ) ;
#390 = DIRECTION ( 'NONE',  ( 0.000000000000000000, 0.000000000000000000, -1.000000000000000000 ) ) ;
#391 = CIRCLE ( 'NONE', #2574, 8.999999999999994671 ) ;
#392 = CIRCLE ( 'NONE', #2722, 11.99999999999999645 ) ;
#393 = LINE ( 'NONE', #2355, #766 ) ;
#394 = VECTOR ( 'NONE', #2064, 1000.000000000000114 ) ;
#395 = DIRECTION ( 'NONE',  ( 0.000000000000000000, 0.000000000000000000, -1.000000000000000000 ) ) ;
#396 = EDGE_CURVE ( 'NONE', #1775, #2956, #651, .T. ) ;
#397 = VECTOR ( 'NONE', #21, 1000.000000000000000 ) ;
#398 = CARTESIAN_POINT ( 'NONE',  ( 50.00000000000000000, -141.0000000000000000, 54.00000000000000000 ) ) ;
#399 = LINE ( 'NONE', #1146, #2135 ) ;
#400 = ORIENTED_EDGE ( 'NONE', *, *, #2907, .F. ) ;
#401 = EDGE_LOOP ( 'NONE', ( #1157, #2313 ) ) ;
#402 = DIRECTION ( 'NONE',  ( 0.000000000000000000, 0.000000000000000000, -1.000000000000000000 ) ) ;
#403 = EDGE_CURVE ( 'NONE', #434, #484, #3075, .T. ) ;
#404 = CIRCLE ( 'NONE', #2485, 5.500000000000005329 ) ;
#405 = CARTESIAN_POINT ( 'NONE',  ( -149.0595735200051877, 0.000000000000000000, -34.00000000000000000 ) ) ;
#406 = EDGE_LOOP ( 'NONE', ( #2533, #2155, #2347, #400 ) ) ;
#407 = AXIS2_PLACEMENT_3D ( 'NONE', #1233, #977, #991 ) ;
#408 = CARTESIAN_POINT ( 'NONE',  ( -40.00000000000000711, -2.602085213965210642E-15, -65.00000000000000000 ) ) ;
#409 = CARTESIAN_POINT ( 'NONE',  ( 40.00000000000000711, 14.00000000000000000, 59.50000000000000000 ) ) ;
#410 = EDGE_CURVE ( 'NONE', #482, #2059, #1664, .T. ) ;
#411 = CIRCLE ( 'NONE', #1731, 9.024999999999998579 ) ;
#412 = VECTOR ( 'NONE', #2162, 1000.000000000000000 ) ;
#413 = CARTESIAN_POINT ( 'NONE',  ( 40.00000000000000711, 0.000000000000000000, 74.00000000000000000 ) ) ;
#414 = DIRECTION ( 'NONE',  ( -0.000000000000000000, -1.000000000000000000, -0.000000000000000000 ) ) ;
#415 = DIRECTION ( 'NONE',  ( 0.000000000000000000, 0.000000000000000000, -1.000000000000000000 ) ) ;
#416 = CARTESIAN_POINT ( 'NONE',  ( 120.0000000000000142, 0.000000000000000000, 74.00000000000000000 ) ) ;
#417 = ORIENTED_EDGE ( 'NONE', *, *, #1548, .F. ) ;
#418 = ORIENTED_EDGE ( 'NONE', *, *, #1299, .T. ) ;
#419 = CARTESIAN_POINT ( 'NONE',  ( 50.00000000000000000, -2.000000000000001776, -54.00000000000000000 ) ) ;
#420 = ADVANCED_FACE ( 'NONE', ( #1541 ), #2509, .F. ) ;
#421 = ORIENTED_EDGE ( 'NONE', *, *, #2227, .T. ) ;
#422 = ADVANCED_FACE ( 'NONE', ( #261 ), #521, .F. ) ;
#423 = FACE_BOUND ( 'NONE', #830, .T. ) ;
#424 = DIRECTION ( 'NONE',  ( 0.000000000000000000, 0.000000000000000000, -1.000000000000000000 ) ) ;
#425 = EDGE_CURVE ( 'NONE', #514, #1666, #244, .T. ) ;
#426 = DIRECTION ( 'NONE',  ( -0.000000000000000000, -1.000000000000000000, -0.000000000000000000 ) ) ;
#427 = CARTESIAN_POINT ( 'NONE',  ( -39.99999999999999289, 0.02499999999999464456, 74.00000000000000000 ) ) ;
#428 = CARTESIAN_POINT ( 'NONE',  ( -120.0000000000000000, 14.00000000000000000, -65.00000000000000000 ) ) ;
#429 = DIRECTION ( 'NONE',  ( 0.000000000000000000, 1.000000000000000000, 0.000000000000000000 ) ) ;
#430 = ORIENTED_EDGE ( 'NONE', *, *, #1921, .F. ) ;
#431 = UNCERTAINTY_MEASURE_WITH_UNIT (LENGTH_MEASURE( 1.000000000000000082E-05 ), #1360, 'distance_accuracy_value', 'NONE');
#432 = ORIENTED_EDGE ( 'NONE', *, *, #2344, .T. ) ;
#433 = LINE ( 'NONE', #3084, #1618 ) ;
#434 = VERTEX_POINT ( 'NONE', #1251 ) ;
#435 = DIRECTION ( 'NONE',  ( 0.000000000000000000, 0.000000000000000000, -1.000000000000000000 ) ) ;
#436 = DIRECTION ( 'NONE',  ( -0.000000000000000000, -1.000000000000000000, -0.000000000000000000 ) ) ;
#437 = ADVANCED_FACE ( 'NONE', ( #2446 ), #533, .F. ) ;
#438 = CARTESIAN_POINT ( 'NONE',  ( 40.67128607910485982, -2.000000000000000000, 56.00000000000000000 ) ) ;
#439 = VERTEX_POINT ( 'NONE', #2695 ) ;
#440 = CLOSED_SHELL ( 'NONE', ( #694, #477, #1575, #1851, #206, #1353, #3057, #3031, #1901, #2544, #893, #1766, #2573, #828, #1588, #1468, #121, #1943, #264, #2118, #2196, #3038, #2667, #2198, #2308, #733, #1997, #1782, #2350, #3023, #3124, #1339, #2745, #237, #642, #2442, #2539, #2132, #1032, #1352, #1256, #1097, #2562, #1118, #2418, #1631, #82, #2236, #1803, #835, #422, #279, #1723, #2003, #420, #1820, #556, #3070, #1747, #578, #2649, #1550, #1503, #2057, #656, #1624, #1487, #504, #561, #214, #1081, #3058, #714, #1203, #476, #198, #2524, #1762, #362, #2961, #2962, #2075, #1920, #2787, #2443, #1593, #1687, #1350, #437, #1864, #1650, #517, #3117, #1751, #218, #1885, #602, #165 ) ) ;
#441 = DIRECTION ( 'NONE',  ( 0.000000000000000000, 0.000000000000000000, -1.000000000000000000 ) ) ;
#442 = EDGE_CURVE ( 'NONE', #583, #2163, #1954, .T. ) ;
#443 = VECTOR ( 'NONE', #503, 1000.000000000000000 ) ;
#444 = CARTESIAN_POINT ( 'NONE',  ( 120.2237527434107420, -1.999999998155402192, -54.00000000000000000 ) ) ;
#445 = CIRCLE ( 'NONE', #2226, 8.999999999999994671 ) ;
#446 = LINE ( 'NONE', #1655, #1270 ) ;
#447 = ORIENTED_EDGE ( 'NONE', *, *, #1375, .F. ) ;
#448 = ORIENTED_EDGE ( 'NONE', *, *, #2190, .F. ) ;
#449 = AXIS2_PLACEMENT_3D ( 'NONE', #2580, #895, #1145 ) ;
#450 = DIRECTION ( 'NONE',  ( -0.000000000000000000, -1.000000000000000000, -0.000000000000000000 ) ) ;
#451 = ORIENTED_EDGE ( 'NONE', *, *, #492, .T. ) ;
#452 = FACE_OUTER_BOUND ( 'NONE', #2501, .T. ) ;
#453 = FACE_OUTER_BOUND ( 'NONE', #7, .T. ) ;
#454 = AXIS2_PLACEMENT_3D ( 'NONE', #3133, #2898, #51 ) ;
#455 = AXIS2_PLACEMENT_3D ( 'NONE', #1849, #2377, #2588 ) ;
#456 = EDGE_CURVE ( 'NONE', #1070, #293, #342, .T. ) ;
#457 = DIRECTION ( 'NONE',  ( 0.000000000000000000, 0.000000000000000000, -1.000000000000000000 ) ) ;
#458 = AXIS2_PLACEMENT_3D ( 'NONE', #1164, #368, #658 ) ;
#459 = ORIENTED_EDGE ( 'NONE', *, *, #731, .T. ) ;
#460 = VECTOR ( 'NONE', #2841, 1000.000000000000000 ) ;
#461 = EDGE_CURVE ( 'NONE', #969, #1652, #2124, .T. ) ;
#462 = EDGE_CURVE ( 'NONE', #2684, #2218, #811, .T. ) ;
#463 = PLANE ( 'NONE',  #338 ) ;
#464 = AXIS2_PLACEMENT_3D ( 'NONE', #1123, #2098, #1378 ) ;
#465 = CARTESIAN_POINT ( 'NONE',  ( 119.3287139208952823, -2.000000000000001776, 54.00000000000000000 ) ) ;
#466 = EDGE_CURVE ( 'NONE', #1070, #1214, #17, .T. ) ;
#467 = CARTESIAN_POINT ( 'NONE',  ( -40.67128607910483140, -2.602085213965210642E-15, 56.00000000000000000 ) ) ;
#468 = ORIENTED_EDGE ( 'NONE', *, *, #1913, .T. ) ;
#469 = CARTESIAN_POINT ( 'NONE',  ( 39.32871392089515439, -2.602085213965210642E-15, -56.00000000000000000 ) ) ;
#470 = ORIENTED_EDGE ( 'NONE', *, *, #2055, .T. ) ;
#471 = DIRECTION ( 'NONE',  ( -0.000000000000000000, -1.000000000000000000, -0.000000000000000000 ) ) ;
#472 = VERTEX_POINT ( 'NONE', #2 ) ;
#473 = DIRECTION ( 'NONE',  ( 0.000000000000000000, -1.000000000000000000, 0.000000000000000000 ) ) ;
#474 = CARTESIAN_POINT ( 'NONE',  ( 34.31401294700757632, -159.1645206425424419, 40.00000000000000000 ) ) ;
#475 = DIRECTION ( 'NONE',  ( 0.000000000000000000, 1.000000000000000000, 0.000000000000000000 ) ) ;
#476 = ADVANCED_FACE ( 'NONE', ( #1456 ), #1441, .F. ) ;
#477 = ADVANCED_FACE ( 'NONE', ( #1940 ), #2458, .F. ) ;
#478 = CARTESIAN_POINT ( 'NONE',  ( -39.99999999999999289, 0.02499999999999464456, 65.00000000000000000 ) ) ;
#479 = DIRECTION ( 'NONE',  ( 0.000000000000000000, -0.000000000000000000, -1.000000000000000000 ) ) ;
#480 = ORIENTED_EDGE ( 'NONE', *, *, #752, .T. ) ;
#481 = DIRECTION ( 'NONE',  ( 0.000000000000000000, 0.000000000000000000, -1.000000000000000000 ) ) ;
#482 = VERTEX_POINT ( 'NONE', #778 ) ;
#483 = CARTESIAN_POINT ( 'NONE',  ( -39.32871392089516860, -2.000000000000001776, -54.00000000000000000 ) ) ;
#484 = VERTEX_POINT ( 'NONE', #1475 ) ;
#485 = LINE ( 'NONE', #963, #1882 ) ;
#486 = LINE ( 'NONE', #2932, #2392 ) ;
#487 = CARTESIAN_POINT ( 'NONE',  ( 39.95089116862027367, -1.999809952871509866, -54.00000000000000000 ) ) ;
#488 = DIRECTION ( 'NONE',  ( -1.000000000000000000, -0.000000000000000000, -0.000000000000000000 ) ) ;
#489 = ORIENTED_EDGE ( 'NONE', *, *, #1244, .F. ) ;
#490 = DIRECTION ( 'NONE',  ( 0.000000000000000000, 0.000000000000000000, -1.000000000000000000 ) ) ;
#491 = DIRECTION ( 'NONE',  ( -0.000000000000000000, -1.000000000000000000, -0.000000000000000000 ) ) ;
#492 = EDGE_CURVE ( 'NONE', #316, #2744, #2775, .T. ) ;
#493 = VECTOR ( 'NONE', #618, 1000.000000000000000 ) ;
#494 = DIRECTION ( 'NONE',  ( 1.000000000000000000, -0.000000000000000000, -0.000000000000000000 ) ) ;
#495 = ORIENTED_EDGE ( 'NONE', *, *, #396, .T. ) ;
#496 = DIRECTION ( 'NONE',  ( 0.000000000000000000, 0.000000000000000000, -1.000000000000000000 ) ) ;
#497 = EDGE_CURVE ( 'NONE', #1775, #439, #1031, .T. ) ;
#498 = ORIENTED_EDGE ( 'NONE', *, *, #2929, .F. ) ;
#499 = VECTOR ( 'NONE', #2007, 1000.000000000000000 ) ;
#500 = CARTESIAN_POINT ( 'NONE',  ( -39.99999999999999289, 9.999999999999994671, 70.50000000000000000 ) ) ;
#501 = AXIS2_PLACEMENT_3D ( 'NONE', #1000, #1445, #202 ) ;
#502 = FACE_OUTER_BOUND ( 'NONE', #2543, .T. ) ;
#503 = DIRECTION ( 'NONE',  ( -1.000000000000000000, 0.000000000000000000, 0.000000000000000000 ) ) ;
#504 = ADVANCED_FACE ( 'NONE', ( #1502, #2472 ), #289, .F. ) ;
#505 = AXIS2_PLACEMENT_3D ( 'NONE', #2260, #1498, #2468 ) ;
#506 = AXIS2_PLACEMENT_3D ( 'NONE', #1119, #1627, #2597 ) ;
#507 = DIRECTION ( 'NONE',  ( -1.000000000000000000, 0.000000000000000000, 6.938893903907221278E-15 ) ) ;
#508 = ORIENTED_EDGE ( 'NONE', *, *, #2942, .F. ) ;
#509 = AXIS2_PLACEMENT_3D ( 'NONE', #1319, #86, #604 ) ;
#510 = DIRECTION ( 'NONE',  ( 0.000000000000000000, 0.000000000000000000, -1.000000000000000000 ) ) ;
#511 = DIRECTION ( 'NONE',  ( 1.000000000000000000, 0.000000000000000000, 0.000000000000000000 ) ) ;
#512 = ORIENTED_EDGE ( 'NONE', *, *, #2037, .F. ) ;
#513 = LINE ( 'NONE', #527, #1770 ) ;
#514 = VERTEX_POINT ( 'NONE', #1202 ) ;
#515 = DIRECTION ( 'NONE',  ( -0.7568550267726046332, 0.6535827938746858745, 0.000000000000000000 ) ) ;
#516 = ORIENTED_EDGE ( 'NONE', *, *, #1409, .F. ) ;
#517 = ADVANCED_FACE ( 'NONE', ( #2176 ), #1712, .F. ) ;
#518 = EDGE_CURVE ( 'NONE', #1147, #297, #875, .T. ) ;
#519 = CARTESIAN_POINT ( 'NONE',  ( -40.00000000000000711, -2.602085213965210642E-15, -55.97500000000000142 ) ) ;
#520 = LINE ( 'NONE', #32, #871 ) ;
#521 = CYLINDRICAL_SURFACE ( 'NONE', #1259, 5.500000000000005329 ) ;
#522 = EDGE_CURVE ( 'NONE', #765, #2259, #30, .T. ) ;
#523 = CARTESIAN_POINT ( 'NONE',  ( 49.00000000000000000, 9.999999999999994671, 65.00000000000000000 ) ) ;
#524 = EDGE_LOOP ( 'NONE', ( #1196, #1286 ) ) ;
#525 = CARTESIAN_POINT ( 'NONE',  ( 119.3287139208950549, -2.000000000000001776, -56.00000000000000000 ) ) ;
#526 = VERTEX_POINT ( 'NONE', #1333 ) ;
#527 = CARTESIAN_POINT ( 'NONE',  ( -149.0595735200051877, 0.000000000000000000, -40.00000000000000000 ) ) ;
#528 = ORIENTED_EDGE ( 'NONE', *, *, #879, .F. ) ;
#529 = DIRECTION ( 'NONE',  ( -0.000000000000000000, -1.000000000000000000, -0.000000000000000000 ) ) ;
#530 = ORIENTED_EDGE ( 'NONE', *, *, #1690, .F. ) ;
#531 = FACE_OUTER_BOUND ( 'NONE', #2486, .T. ) ;
#532 = DIRECTION ( 'NONE',  ( 0.000000000000000000, -1.000000000000000000, 0.000000000000000000 ) ) ;
#533 = CYLINDRICAL_SURFACE ( 'NONE', #855, 2.000000000000001776 ) ;
#534 = EDGE_CURVE ( 'NONE', #1739, #221, #2537, .T. ) ;
#535 =( BOUNDED_CURVE ( )  B_SPLINE_CURVE ( 3, ( #543, #1278, #2248, #1038 ),
 .UNSPECIFIED., .F., .F. ) 
 B_SPLINE_CURVE_WITH_KNOTS ( ( 4, 4 ),
 ( 3.667937733966307512, 4.712388980384689674 ),
 .UNSPECIFIED. ) 
 CURVE ( )  GEOMETRIC_REPRESENTATION_ITEM ( )  RATIONAL_B_SPLINE_CURVE ( ( 1.000000000000000000, 0.9111407755315654722, 0.9111407755315654722, 1.000000000000000000 ) ) 
 REPRESENTATION_ITEM ( '' )  );
#536 = CARTESIAN_POINT ( 'NONE',  ( -149.0595735200051877, 0.000000000000000000, 34.00000000000000711 ) ) ;
#537 = ORIENTED_EDGE ( 'NONE', *, *, #5, .F. ) ;
#538 = ORIENTED_EDGE ( 'NONE', *, *, #906, .T. ) ;
#539 = EDGE_CURVE ( 'NONE', #1420, #2817, #232, .T. ) ;
#540 = CARTESIAN_POINT ( 'NONE',  ( -40.00000000000000711, -2.602085213965210642E-15, -65.00000000000000000 ) ) ;
#541 = ORIENTED_EDGE ( 'NONE', *, *, #539, .F. ) ;
#542 = AXIS2_PLACEMENT_3D ( 'NONE', #1763, #2977, #807 ) ;
#543 = CARTESIAN_POINT ( 'NONE',  ( -149.0595735200051877, -0.8121060764433785106, 37.01425888701092504 ) ) ;
#544 = ORIENTED_EDGE ( 'NONE', *, *, #2055, .F. ) ;
#545 = DIRECTION ( 'NONE',  ( 0.000000000000000000, 0.000000000000000000, -1.000000000000000000 ) ) ;
#546 = CIRCLE ( 'NONE', #1919, 5.500000000000005329 ) ;
#547 = DIRECTION ( 'NONE',  ( 0.000000000000000000, 0.000000000000000000, -1.000000000000000000 ) ) ;
#548 = DIRECTION ( 'NONE',  ( 0.000000000000000000, 0.000000000000000000, -1.000000000000000000 ) ) ;
#549 = FACE_OUTER_BOUND ( 'NONE', #749, .T. ) ;
#550 = CIRCLE ( 'NONE', #184, 5.500000000000005329 ) ;
#551 = EDGE_CURVE ( 'NONE', #597, #1614, #296, .T. ) ;
#552 = DIRECTION ( 'NONE',  ( 0.000000000000000000, 0.000000000000000000, 1.000000000000000000 ) ) ;
#553 = LINE ( 'NONE', #2019, #1736 ) ;
#554 = EDGE_LOOP ( 'NONE', ( #2711, #2796, #2172, #1726 ) ) ;
#555 = VECTOR ( 'NONE', #272, 1000.000000000000000 ) ;
#556 = ADVANCED_FACE ( 'NONE', ( #803 ), #1283, .F. ) ;
#557 = EDGE_CURVE ( 'NONE', #1652, #985, #101, .T. ) ;
#558 = AXIS2_PLACEMENT_3D ( 'NONE', #1745, #2703, #2657 ) ;
#559 = VERTEX_POINT ( 'NONE', #1078 ) ;
#560 = CIRCLE ( 'NONE', #2241, 9.000000000000007105 ) ;
#561 = ADVANCED_FACE ( 'NONE', ( #1298 ), #621, .F. ) ;
#562 = DIRECTION ( 'NONE',  ( 0.000000000000000000, 0.000000000000000000, -1.000000000000000000 ) ) ;
#563 = VERTEX_POINT ( 'NONE', #838 ) ;
#564 = AXIS2_PLACEMENT_3D ( 'NONE', #311, #2542, #1348 ) ;
#565 = CARTESIAN_POINT ( 'NONE',  ( 50.00000000000000000, -141.0000000000000000, 54.00000000000000000 ) ) ;
#566 = VERTEX_POINT ( 'NONE', #2523 ) ;
#567 = ORIENTED_EDGE ( 'NONE', *, *, #2948, .F. ) ;
#568 = FACE_OUTER_BOUND ( 'NONE', #2029, .T. ) ;
#569 = VECTOR ( 'NONE', #2617, 1000.000000000000000 ) ;
#570 = APPLICATION_CONTEXT ( 'automotive_design' ) ;
#571 = DIRECTION ( 'NONE',  ( 0.000000000000000000, 0.000000000000000000, -1.000000000000000000 ) ) ;
#572 = CYLINDRICAL_SURFACE ( 'NONE', #1318, 8.999999999999994671 ) ;
#573 = CARTESIAN_POINT ( 'NONE',  ( 119.3287139208950549, -2.000000000000002665, -54.00000000000000000 ) ) ;
#574 = CARTESIAN_POINT ( 'NONE',  ( -120.0000000000000000, 0.000000000000000000, -74.00000000000000000 ) ) ;
#575 = CARTESIAN_POINT ( 'NONE',  ( -39.32871392089516860, -2.000000000000001776, -54.00000000000000000 ) ) ;
#576 = ORIENTED_EDGE ( 'NONE', *, *, #1987, .F. ) ;
#577 = EDGE_LOOP ( 'NONE', ( #1962, #41, #683, #847, #1479, #596, #2532, #2802, #845, #2026, #2734, #1341 ) ) ;
#578 = ADVANCED_FACE ( 'NONE', ( #1059, #549 ), #2492, .F. ) ;
#579 = EDGE_CURVE ( 'NONE', #2518, #3112, #2267, .T. ) ;
#580 = DIRECTION ( 'NONE',  ( 0.000000000000000000, 0.000000000000000000, -1.000000000000000000 ) ) ;
#581 = ORIENTED_EDGE ( 'NONE', *, *, #1591, .F. ) ;
#582 = CARTESIAN_POINT ( 'NONE',  ( -119.3287139208950407, 6.938893903907221278E-15, -54.00000000000000000 ) ) ;
#583 = VERTEX_POINT ( 'NONE', #853 ) ;
#584 = ORIENTED_EDGE ( 'NONE', *, *, #1434, .F. ) ;
#585 = FACE_OUTER_BOUND ( 'NONE', #2862, .T. ) ;
#586 = CARTESIAN_POINT ( 'NONE',  ( 120.0000000000000142, -2.602085213965210642E-15, 65.00000000000000000 ) ) ;
#587 = CARTESIAN_POINT ( 'NONE',  ( 0.000000000000000000, -2.000000000000000000, -56.00000000000000000 ) ) ;
#588 = DIRECTION ( 'NONE',  ( 1.000000000000000000, -0.000000000000000000, -0.000000000000000000 ) ) ;
#589 = CARTESIAN_POINT ( 'NONE',  ( 62.00000000000000000, -141.0000000000000000, -40.00000000000000000 ) ) ;
#590 = ORIENTED_EDGE ( 'NONE', *, *, #1010, .T. ) ;
#591 = DIRECTION ( 'NONE',  ( 0.000000000000000000, 0.000000000000000000, -1.000000000000000000 ) ) ;
#592 = FILL_AREA_STYLE ('',( #315 ) ) ;
#593 = ORIENTED_EDGE ( 'NONE', *, *, #1041, .F. ) ;
#594 = EDGE_CURVE ( 'NONE', #2561, #1113, #546, .T. ) ;
#595 = CARTESIAN_POINT ( 'NONE',  ( -120.0000000000000000, 9.999999999999994671, 65.00000000000000000 ) ) ;
#596 = ORIENTED_EDGE ( 'NONE', *, *, #43, .F. ) ;
#597 = VERTEX_POINT ( 'NONE', #573 ) ;
#598 = CARTESIAN_POINT ( 'NONE',  ( -120.0000000000000000, 0.02499999999999464456, 74.00000000000000000 ) ) ;
#599 = CARTESIAN_POINT ( 'NONE',  ( -119.9508911686450574, -1.999809952871496987, 54.00000000000000000 ) ) ;
#600 = DIRECTION ( 'NONE',  ( -0.000000000000000000, -1.000000000000000000, -0.000000000000000000 ) ) ;
#601 = CARTESIAN_POINT ( 'NONE',  ( 120.6712860791047603, 6.938893903907221278E-15, 54.00000000000000000 ) ) ;
#602 = ADVANCED_FACE ( 'NONE', ( #823 ), #2465, .F. ) ;
#603 = CIRCLE ( 'NONE', #2829, 8.999999999999994671 ) ;
#604 = DIRECTION ( 'NONE',  ( 0.000000000000000000, 0.000000000000000000, -1.000000000000000000 ) ) ;
#605 = ORIENTED_EDGE ( 'NONE', *, *, #1154, .F. ) ;
#606 = AXIS2_PLACEMENT_3D ( 'NONE', #723, #2232, #2687 ) ;
#607 = AXIS2_PLACEMENT_3D ( 'NONE', #1689, #1462, #2906 ) ;
#608 = DIRECTION ( 'NONE',  ( -0.000000000000000000, -1.000000000000000000, -0.000000000000000000 ) ) ;
#609 = AXIS2_PLACEMENT_3D ( 'NONE', #2217, #28, #1452 ) ;
#610 = CARTESIAN_POINT ( 'NONE',  ( 71.31444453095944880, -152.0315209439428656, 54.00000000000000000 ) ) ;
#611 = ORIENTED_EDGE ( 'NONE', *, *, #579, .F. ) ;
#612 = DIRECTION ( 'NONE',  ( 0.000000000000000000, -0.000000000000000000, 1.000000000000000000 ) ) ;
#613 = ORIENTED_EDGE ( 'NONE', *, *, #425, .T. ) ;
#614 = AXIS2_PLACEMENT_3D ( 'NONE', #565, #2715, #2234 ) ;
#615 = VERTEX_POINT ( 'NONE', #1365 ) ;
#616 = PRODUCT_CONTEXT ( 'NONE', #570, 'mechanical' ) ;
#617 = VECTOR ( 'NONE', #994, 1000.000000000000000 ) ;
#618 = DIRECTION ( 'NONE',  ( -0.000000000000000000, -1.000000000000000000, -0.000000000000000000 ) ) ;
#619 = ORIENTED_EDGE ( 'NONE', *, *, #2612, .T. ) ;
#620 = LINE ( 'NONE', #2770, #2086 ) ;
#621 = CYLINDRICAL_SURFACE ( 'NONE', #2876, 8.999999999999994671 ) ;
#622 = VECTOR ( 'NONE', #488, 1000.000000000000000 ) ;
#623 = EDGE_CURVE ( 'NONE', #1113, #1646, #192, .T. ) ;
#624 = EDGE_CURVE ( 'NONE', #484, #434, #392, .T. ) ;
#625 = DIRECTION ( 'NONE',  ( 0.4596467059976211966, 0.8881018554566453282, 0.000000000000000000 ) ) ;
#626 = ORIENTED_EDGE ( 'NONE', *, *, #4, .F. ) ;
#627 = CARTESIAN_POINT ( 'NONE',  ( -120.0000000000000000, -2.602085213965210642E-15, 65.00000000000000000 ) ) ;
#628 = CARTESIAN_POINT ( 'NONE',  ( 146.8946352053642670, -6.000000000000005329, 40.00000000000000000 ) ) ;
#629 = ORIENTED_EDGE ( 'NONE', *, *, #2190, .T. ) ;
#630 = FACE_OUTER_BOUND ( 'NONE', #2126, .T. ) ;
#631 = EDGE_LOOP ( 'NONE', ( #2250, #1359, #1424, #1505 ) ) ;
#632 = ORIENTED_EDGE ( 'NONE', *, *, #1198, .T. ) ;
#633 = CARTESIAN_POINT ( 'NONE',  ( 39.99999999999999289, 9.999999999999994671, -65.00000000000000000 ) ) ;
#634 = VERTEX_POINT ( 'NONE', #667 ) ;
#635 = CARTESIAN_POINT ( 'NONE',  ( -120.0000000000000000, 14.00000000000000000, -65.00000000000000000 ) ) ;
#636 = DIRECTION ( 'NONE',  ( -1.000000000000000000, 0.000000000000000000, 0.000000000000000000 ) ) ;
#637 = EDGE_CURVE ( 'NONE', #263, #1643, #1361, .T. ) ;
#638 = DIRECTION ( 'NONE',  ( -1.000000000000000000, -1.626303258728256651E-16, 0.000000000000000000 ) ) ;
#639 = DIRECTION ( 'NONE',  ( -0.000000000000000000, -1.000000000000000000, -0.000000000000000000 ) ) ;
#640 = CARTESIAN_POINT ( 'NONE',  ( 150.0000000000000000, 0.000000000000000000, 34.00000000000000711 ) ) ;
#641 =( BOUNDED_CURVE ( )  B_SPLINE_CURVE ( 3, ( #628, #2828, #1898, #640 ),
 .UNSPECIFIED., .F., .F. ) 
 B_SPLINE_CURVE_WITH_KNOTS ( ( 4, 4 ),
 ( 4.712388980384687009, 6.283185307179586232 ),
 .UNSPECIFIED. ) 
 CURVE ( )  GEOMETRIC_REPRESENTATION_ITEM ( )  RATIONAL_B_SPLINE_CURVE ( ( 1.000000000000000000, 0.8047378541243643824, 0.8047378541243643824, 1.000000000000000000 ) ) 
 REPRESENTATION_ITEM ( '' )  );
#642 = ADVANCED_FACE ( 'NONE', ( #2838 ), #2201, .F. ) ;
#643 = CARTESIAN_POINT ( 'NONE',  ( -120.0000000000000000, 0.000000000000000000, -59.50000000000000711 ) ) ;
#644 = ORIENTED_EDGE ( 'NONE', *, *, #1177, .T. ) ;
#645 = ORIENTED_EDGE ( 'NONE', *, *, #1218, .F. ) ;
#646 = DIRECTION ( 'NONE',  ( -0.000000000000000000, -1.000000000000000000, -0.000000000000000000 ) ) ;
#647 = CARTESIAN_POINT ( 'NONE',  ( 40.00000000000000711, 0.000000000000000000, 70.50000000000000000 ) ) ;
#648 = ORIENTED_EDGE ( 'NONE', *, *, #320, .F. ) ;
#649 = CARTESIAN_POINT ( 'NONE',  ( 120.0000000000000000, 14.00000000000000000, -70.50000000000000000 ) ) ;
#650 = CARTESIAN_POINT ( 'NONE',  ( -120.6712860791049309, -2.000000000000002665, 56.00000000000000000 ) ) ;
#651 = CIRCLE ( 'NONE', #3121, 5.500000000000005329 ) ;
#652 = DIRECTION ( 'NONE',  ( 0.000000000000000000, 0.000000000000000000, -1.000000000000000000 ) ) ;
#653 = VECTOR ( 'NONE', #889, 1000.000000000000000 ) ;
#654 = DIRECTION ( 'NONE',  ( 0.000000000000000000, -1.000000000000000000, 0.000000000000000000 ) ) ;
#655 = VECTOR ( 'NONE', #783, 1000.000000000000000 ) ;
#656 = ADVANCED_FACE ( 'NONE', ( #1906 ), #1171, .F. ) ;
#657 = CARTESIAN_POINT ( 'NONE',  ( -39.99999999999999289, 9.999999999999994671, 65.00000000000000000 ) ) ;
#658 = DIRECTION ( 'NONE',  ( 0.000000000000000000, 0.000000000000000000, -1.000000000000000000 ) ) ;
#659 = VERTEX_POINT ( 'NONE', #2605 ) ;
#660 = ORIENTED_EDGE ( 'NONE', *, *, #1068, .T. ) ;
#661 = DIRECTION ( 'NONE',  ( 0.000000000000000000, -0.000000000000000000, -1.000000000000000000 ) ) ;
#662 = AXIS2_PLACEMENT_3D ( 'NONE', #1043, #2014, #2266 ) ;
#663 = CARTESIAN_POINT ( 'NONE',  ( 150.0000000000000000, 0.000000000000000000, 56.00000000000000000 ) ) ;
#664 = ORIENTED_EDGE ( 'NONE', *, *, #2942, .T. ) ;
#665 = VECTOR ( 'NONE', #2502, 1000.000000000000000 ) ;
#666 = CARTESIAN_POINT ( 'NONE',  ( 150.0000000000000000, 0.000000000000000000, 75.00000000000000000 ) ) ;
#667 = CARTESIAN_POINT ( 'NONE',  ( -40.00000000000000711, 0.02499999999999464456, -56.00000000000000711 ) ) ;
#668 = AXIS2_PLACEMENT_3D ( 'NONE', #243, #1222, #2694 ) ;
#669 = AXIS2_PLACEMENT_3D ( 'NONE', #2263, #1137, #2048 ) ;
#670 = CARTESIAN_POINT ( 'NONE',  ( -40.22377880062866495, -1.999999998155509662, -54.00000000000000000 ) ) ;
#671 = CARTESIAN_POINT ( 'NONE',  ( 71.31444453095944880, -152.0315209439428656, 40.00000000000000000 ) ) ;
#672 = CARTESIAN_POINT ( 'NONE',  ( 39.32871392089515439, -2.000000000000001776, 54.00000000000000000 ) ) ;
#673 = DIRECTION ( 'NONE',  ( -0.000000000000000000, -0.000000000000000000, -1.000000000000000000 ) ) ;
#674 = ORIENTED_EDGE ( 'NONE', *, *, #1525, .T. ) ;
#675 = EDGE_CURVE ( 'NONE', #2059, #1070, #3125, .T. ) ;
#676 = ORIENTED_EDGE ( 'NONE', *, *, #2882, .F. ) ;
#677 = DIRECTION ( 'NONE',  ( -0.000000000000000000, 0.000000000000000000, 1.000000000000000000 ) ) ;
#678 = ORIENTED_EDGE ( 'NONE', *, *, #365, .T. ) ;
#679 = DIRECTION ( 'NONE',  ( 0.000000000000000000, 1.000000000000000000, 0.000000000000000000 ) ) ;
#680 = CARTESIAN_POINT ( 'NONE',  ( 50.00000000000000000, -141.0000000000000000, 54.00000000000000000 ) ) ;
#681 = EDGE_CURVE ( 'NONE', #1614, #2600, #1423, .T. ) ;
#682 = LINE ( 'NONE', #1131, #1226 ) ;
#683 = ORIENTED_EDGE ( 'NONE', *, *, #2724, .T. ) ;
#684 = DIRECTION ( 'NONE',  ( -0.000000000000000000, -1.000000000000000000, -0.000000000000000000 ) ) ;
#685 = CARTESIAN_POINT ( 'NONE',  ( 120.6712860791049309, 6.938893903907221278E-15, -54.00000000000000000 ) ) ;
#686 = FACE_BOUND ( 'NONE', #997, .T. ) ;
#687 = EDGE_LOOP ( 'NONE', ( #1692, #2069, #2653, #1388 ) ) ;
#688 = VERTEX_POINT ( 'NONE', #409 ) ;
#689 = EDGE_CURVE ( 'NONE', #2530, #864, #2589, .T. ) ;
#690 = FACE_BOUND ( 'NONE', #2325, .T. ) ;
#691 = VERTEX_POINT ( 'NONE', #1394 ) ;
#692 = DIRECTION ( 'NONE',  ( 0.000000000000000000, 0.000000000000000000, -1.000000000000000000 ) ) ;
#693 = DIRECTION ( 'NONE',  ( 0.000000000000000000, 0.000000000000000000, -1.000000000000000000 ) ) ;
#694 = ADVANCED_FACE ( 'NONE', ( #453 ), #1111, .F. ) ;
#695 = EDGE_CURVE ( 'NONE', #2312, #129, #3079, .T. ) ;
#696 = LINE ( 'NONE', #1852, #2595 ) ;
#697 = ORIENTED_EDGE ( 'NONE', *, *, #258, .T. ) ;
#698 = AXIS2_PLACEMENT_3D ( 'NONE', #1495, #280, #349 ) ;
#699 = CARTESIAN_POINT ( 'NONE',  ( -150.0000000000000284, -2.000000000000001776, 54.00000000000000000 ) ) ;
#700 = VECTOR ( 'NONE', #588, 1000.000000000000000 ) ;
#701 = FACE_OUTER_BOUND ( 'NONE', #1583, .T. ) ;
#702 = CIRCLE ( 'NONE', #2379, 2.000000000000000000 ) ;
#703 = LINE ( 'NONE', #2183, #1576 ) ;
#704 = ORIENTED_EDGE ( 'NONE', *, *, #5, .T. ) ;
#705 = AXIS2_PLACEMENT_3D ( 'NONE', #842, #1755, #580 ) ;
#706 = DIRECTION ( 'NONE',  ( -1.000000000000000000, 0.000000000000000000, 0.000000000000000000 ) ) ;
#707 = ORIENTED_EDGE ( 'NONE', *, *, #2499, .T. ) ;
#708 = DIRECTION ( 'NONE',  ( 0.6535827938746858745, 0.7568550267726046332, -0.000000000000000000 ) ) ;
#709 = CIRCLE ( 'NONE', #1621, 2.000000000000001776 ) ;
#710 = ORIENTED_EDGE ( 'NONE', *, *, #1159, .F. ) ;
#711 = CIRCLE ( 'NONE', #2840, 9.025000000000005684 ) ;
#712 = FACE_OUTER_BOUND ( 'NONE', #2553, .T. ) ;
#713 = CARTESIAN_POINT ( 'NONE',  ( 120.0000000000000142, -2.602085213965210642E-15, 65.00000000000000000 ) ) ;
#714 = ADVANCED_FACE ( 'NONE', ( #988 ), #2570, .F. ) ;
#715 = CIRCLE ( 'NONE', #1521, 5.500000000000005329 ) ;
#716 = ORIENTED_EDGE ( 'NONE', *, *, #2464, .F. ) ;
#717 = CIRCLE ( 'NONE', #2541, 9.000000000000007105 ) ;
#718 = CARTESIAN_POINT ( 'NONE',  ( -150.0000000000000000, 14.00000000000000000, 75.00000000000000000 ) ) ;
#719 = AXIS2_PLACEMENT_3D ( 'NONE', #1776, #2737, #1535 ) ;
#720 = CYLINDRICAL_SURFACE ( 'NONE', #607, 5.500000000000005329 ) ;
#721 = FACE_OUTER_BOUND ( 'NONE', #60, .T. ) ;
#722 = ORIENTED_EDGE ( 'NONE', *, *, #1026, .F. ) ;
#723 = CARTESIAN_POINT ( 'NONE',  ( -120.0000000000000000, 0.02499999999999464456, -65.00000000000000000 ) ) ;
#724 = VERTEX_POINT ( 'NONE', #902 ) ;
#725 = PLANE ( 'NONE',  #194 ) ;
#726 = ORIENTED_EDGE ( 'NONE', *, *, #403, .T. ) ;
#727 = FACE_OUTER_BOUND ( 'NONE', #3064, .T. ) ;
#728 = DIRECTION ( 'NONE',  ( 0.000000000000000000, -0.000000000000000000, 1.000000000000000000 ) ) ;
#729 = CYLINDRICAL_SURFACE ( 'NONE', #1071, 5.999999999999998224 ) ;
#730 = VERTEX_POINT ( 'NONE', #1152 ) ;
#731 = EDGE_CURVE ( 'NONE', #1614, #2028, #702, .T. ) ;
#732 = DIRECTION ( 'NONE',  ( 0.000000000000000000, 0.000000000000000000, -1.000000000000000000 ) ) ;
#733 = ADVANCED_FACE ( 'NONE', ( #151 ), #1406, .F. ) ;
#734 = LINE ( 'NONE', #2872, #2590 ) ;
#735 = LINE ( 'NONE', #2860, #1472 ) ;
#736 = EDGE_CURVE ( 'NONE', #3014, #2782, #2581, .T. ) ;
#737 = DIRECTION ( 'NONE',  ( -1.000000000000000000, 0.000000000000000000, 0.000000000000000000 ) ) ;
#738 = ORIENTED_EDGE ( 'NONE', *, *, #2459, .F. ) ;
#739 = CARTESIAN_POINT ( 'NONE',  ( 120.0000000000000142, 9.999999999999994671, 65.00000000000000000 ) ) ;
#740 = VERTEX_POINT ( 'NONE', #2103 ) ;
#741 = CARTESIAN_POINT ( 'NONE',  ( 40.23000019995364340, -0.03291433799895823742, -54.00000000000770939 ) ) ;
#742 = DIRECTION ( 'NONE',  ( -0.000000000000000000, -1.000000000000000000, -0.000000000000000000 ) ) ;
#743 = DIRECTION ( 'NONE',  ( 0.000000000000000000, 0.000000000000000000, -1.000000000000000000 ) ) ;
#744 = CARTESIAN_POINT ( 'NONE',  ( 148.9648784017881269, -1.999999999999946265, 54.00000000000000000 ) ) ;
#745 = CARTESIAN_POINT ( 'NONE',  ( -150.0000000000000000, 0.000000000000000000, 56.00000000000000000 ) ) ;
#746 = ORIENTED_EDGE ( 'NONE', *, *, #2556, .F. ) ;
#747 = VECTOR ( 'NONE', #3094, 1000.000000000000114 ) ;
#748 = CARTESIAN_POINT ( 'NONE',  ( 120.0000000000000000, -2.602085213965210642E-15, -55.97499999999999432 ) ) ;
#749 = EDGE_LOOP ( 'NONE', ( #674, #1902 ) ) ;
#750 = AXIS2_PLACEMENT_3D ( 'NONE', #276, #36, #66 ) ;
#751 = EDGE_CURVE ( 'NONE', #3003, #129, #34, .T. ) ;
#752 = EDGE_CURVE ( 'NONE', #3103, #370, #445, .T. ) ;
#753 = AXIS2_PLACEMENT_3D ( 'NONE', #586, #2490, #113 ) ;
#754 = LINE ( 'NONE', #1725, #1366 ) ;
#755 = ORIENTED_EDGE ( 'NONE', *, *, #1637, .T. ) ;
#756 = CARTESIAN_POINT ( 'NONE',  ( -39.32871392089515439, -2.000000000000001776, 54.00000000000000000 ) ) ;
#757 = ORIENTED_EDGE ( 'NONE', *, *, #2105, .F. ) ;
#758 = CARTESIAN_POINT ( 'NONE',  ( -119.3287139208950549, 0.000000000000000000, 56.00000000000000711 ) ) ;
#759 = CIRCLE ( 'NONE', #2383, 5.500000000000005329 ) ;
#760 = DIRECTION ( 'NONE',  ( -1.000000000000000000, 0.000000000000000000, 0.000000000000000000 ) ) ;
#761 = CARTESIAN_POINT ( 'NONE',  ( -120.0000000000000000, 0.000000000000000000, -65.00000000000000000 ) ) ;
#762 = AXIS2_PLACEMENT_3D ( 'NONE', #374, #2993, #324 ) ;
#763 = AXIS2_PLACEMENT_3D ( 'NONE', #595, #785, #2733 ) ;
#764 = DIRECTION ( 'NONE',  ( -0.000000000000000000, -0.000000000000000000, 1.000000000000000000 ) ) ;
#765 = VERTEX_POINT ( 'NONE', #1313 ) ;
#766 = VECTOR ( 'NONE', #1896, 1000.000000000000000 ) ;
#767 = DIRECTION ( 'NONE',  ( -0.000000000000000000, -1.000000000000000000, -0.000000000000000000 ) ) ;
#768 = DIRECTION ( 'NONE',  ( -0.000000000000000000, -0.000000000000000000, -1.000000000000000000 ) ) ;
#769 = VERTEX_POINT ( 'NONE', #1827 ) ;
#770 = CIRCLE ( 'NONE', #1891, 8.999999999999994671 ) ;
#771 = DIRECTION ( 'NONE',  ( 0.000000000000000000, -1.000000000000000000, 0.000000000000000000 ) ) ;
#772 = ORIENTED_EDGE ( 'NONE', *, *, #1082, .F. ) ;
#773 = EDGE_CURVE ( 'NONE', #2684, #1070, #856, .T. ) ;
#774 = CARTESIAN_POINT ( 'NONE',  ( 150.0000000000000000, 0.000000000000000000, -56.00000000000000711 ) ) ;
#775 = ORIENTED_EDGE ( 'NONE', *, *, #379, .T. ) ;
#776 = LINE ( 'NONE', #1488, #193 ) ;
#777 = CARTESIAN_POINT ( 'NONE',  ( -120.0000000000000000, 0.000000000000000000, -65.00000000000000000 ) ) ;
#778 = CARTESIAN_POINT ( 'NONE',  ( 40.67128607910483140, -2.602085213965210642E-15, -56.00000000000000000 ) ) ;
#779 = EDGE_CURVE ( 'NONE', #1876, #2782, #3037, .T. ) ;
#780 = LINE ( 'NONE', #1504, #1612 ) ;
#781 = ORIENTED_EDGE ( 'NONE', *, *, #675, .T. ) ;
#782 = ORIENTED_EDGE ( 'NONE', *, *, #1868, .F. ) ;
#783 = DIRECTION ( 'NONE',  ( -0.000000000000000000, -1.000000000000000000, -0.000000000000000000 ) ) ;
#784 = ORIENTED_EDGE ( 'NONE', *, *, #968, .T. ) ;
#785 = DIRECTION ( 'NONE',  ( -0.000000000000000000, -1.000000000000000000, -0.000000000000000000 ) ) ;
#786 = EDGE_LOOP ( 'NONE', ( #1768, #1753 ) ) ;
#787 = EDGE_CURVE ( 'NONE', #2767, #2736, #359, .T. ) ;
#788 = FACE_OUTER_BOUND ( 'NONE', #2923, .T. ) ;
#789 = CARTESIAN_POINT ( 'NONE',  ( -120.0000000000000000, 14.00000000000000000, -70.50000000000000000 ) ) ;
#790 = CARTESIAN_POINT ( 'NONE',  ( 39.99999999999999289, -2.602085213965210642E-15, -65.00000000000000000 ) ) ;
#791 = EDGE_CURVE ( 'NONE', #1993, #843, #2578, .T. ) ;
#792 = EDGE_CURVE ( 'NONE', #1765, #2614, #1826, .T. ) ;
#793 = DIRECTION ( 'NONE',  ( -1.000000000000000000, 0.000000000000000000, 0.000000000000000000 ) ) ;
#794 = ORIENTED_EDGE ( 'NONE', *, *, #42, .T. ) ;
#795 = ORIENTED_EDGE ( 'NONE', *, *, #2579, .T. ) ;
#796 = CARTESIAN_POINT ( 'NONE',  ( -39.32871392089516860, -2.000000000000001776, -54.00000000000000000 ) ) ;
#797 = ORIENTED_EDGE ( 'NONE', *, *, #890, .T. ) ;
#798 = LINE ( 'NONE', #1793, #665 ) ;
#799 = ORIENTED_EDGE ( 'NONE', *, *, #2117, .T. ) ;
#800 = DIRECTION ( 'NONE',  ( 0.000000000000000000, 0.000000000000000000, 1.000000000000000000 ) ) ;
#801 = CARTESIAN_POINT ( 'NONE',  ( 120.0000000000000142, -2.602085213965210642E-15, 55.97500000000000853 ) ) ;
#802 = DIRECTION ( 'NONE',  ( 0.000000000000000000, 0.000000000000000000, -1.000000000000000000 ) ) ;
#803 = FACE_OUTER_BOUND ( 'NONE', #3129, .T. ) ;
#804 = VECTOR ( 'NONE', #1914, 999.9999999999998863 ) ;
#805 = CONICAL_SURFACE ( 'NONE', #959, 9.025000000000005684, 0.7853981633977258348 ) ;
#806 = EDGE_CURVE ( 'NONE', #769, #2140, #550, .T. ) ;
#807 = DIRECTION ( 'NONE',  ( 1.000000000000000000, 0.000000000000000000, 0.000000000000000000 ) ) ;
#808 = LINE ( 'NONE', #839, #1124 ) ;
#809 = ORIENTED_EDGE ( 'NONE', *, *, #1645, .T. ) ;
#810 = CIRCLE ( 'NONE', #2386, 9.024999999999998579 ) ;
#811 = B_SPLINE_CURVE_WITH_KNOTS ( 'NONE', 3,
 ( #1761, #33, #1490, #1237, #487, #1014, #2208 ),
 .UNSPECIFIED., .F., .F.,
 ( 4, 3, 4 ),
 ( 0.000000000000000000, 0.0002619798331991711362, 0.001342572251666050622 ),
 .UNSPECIFIED. ) ;
#812 = AXIS2_PLACEMENT_3D ( 'NONE', #2358, #673, #170 ) ;
#813 = VERTEX_POINT ( 'NONE', #1809 ) ;
#814 = CIRCLE ( 'NONE', #458, 9.025000000000005684 ) ;
#815 = EDGE_LOOP ( 'NONE', ( #927, #1099 ) ) ;
#816 = VECTOR ( 'NONE', #625, 1000.000000000000227 ) ;
#817 = DIRECTION ( 'NONE',  ( -0.000000000000000000, -1.000000000000000000, -0.000000000000000000 ) ) ;
#818 = ORIENTED_EDGE ( 'NONE', *, *, #1788, .T. ) ;
#819 = EDGE_LOOP ( 'NONE', ( #1355, #926, #2203, #1484, #2584 ) ) ;
#820 = CYLINDRICAL_SURFACE ( 'NONE', #153, 8.999999999999994671 ) ;
#821 = DIRECTION ( 'NONE',  ( 0.000000000000000000, 0.000000000000000000, 1.000000000000000000 ) ) ;
#822 = DIRECTION ( 'NONE',  ( 0.000000000000000000, 0.000000000000000000, -1.000000000000000000 ) ) ;
#823 = FACE_OUTER_BOUND ( 'NONE', #1482, .T. ) ;
#824 = CARTESIAN_POINT ( 'NONE',  ( 50.00000000000000000, -141.0000000000000000, -54.00000000000000000 ) ) ;
#825 = VERTEX_POINT ( 'NONE', #1516 ) ;
#826 = EDGE_CURVE ( 'NONE', #1754, #634, #1295, .T. ) ;
#827 = DIRECTION ( 'NONE',  ( 0.000000000000000000, 0.000000000000000000, -1.000000000000000000 ) ) ;
#828 = ADVANCED_FACE ( 'NONE', ( #2552 ), #850, .F. ) ;
#829 = CARTESIAN_POINT ( 'NONE',  ( -120.0000000000000000, 9.999999999999994671, -65.00000000000000000 ) ) ;
#830 = EDGE_LOOP ( 'NONE', ( #1274, #2290 ) ) ;
#831 = CYLINDRICAL_SURFACE ( 'NONE', #3091, 8.999999999999994671 ) ;
#832 = EDGE_LOOP ( 'NONE', ( #1165, #3081, #1404, #619, #799 ) ) ;
#833 = EDGE_LOOP ( 'NONE', ( #2256, #2022, #186, #1309 ) ) ;
#834 = CARTESIAN_POINT ( 'NONE',  ( -40.67128607910483140, 0.000000000000000000, 56.00000000000000711 ) ) ;
#835 = ADVANCED_FACE ( 'NONE', ( #1344 ), #1879, .F. ) ;
#836 = DIRECTION ( 'NONE',  ( -0.000000000000000000, -1.000000000000000000, -0.000000000000000000 ) ) ;
#837 = CARTESIAN_POINT ( 'NONE',  ( -145.5877847015998725, -3.810172225719271832, -40.00000000000001421 ) ) ;
#838 = CARTESIAN_POINT ( 'NONE',  ( 120.0000000000000000, 0.02499999999999464456, -55.99999999999999289 ) ) ;
#839 = CARTESIAN_POINT ( 'NONE',  ( 50.00000000000000000, -2.000000000000001776, -54.00000000000000000 ) ) ;
#840 = VERTEX_POINT ( 'NONE', #1090 ) ;
#841 = DIRECTION ( 'NONE',  ( 1.000000000000000000, 0.000000000000000000, 0.000000000000000000 ) ) ;
#842 = CARTESIAN_POINT ( 'NONE',  ( 120.0000000000000142, -2.602085213965210642E-15, 65.00000000000000000 ) ) ;
#843 = VERTEX_POINT ( 'NONE', #307 ) ;
#844 = DIRECTION ( 'NONE',  ( 0.000000000000000000, 0.000000000000000000, -1.000000000000000000 ) ) ;
#845 = ORIENTED_EDGE ( 'NONE', *, *, #1334, .T. ) ;
#846 = EDGE_CURVE ( 'NONE', #1048, #1147, #2252, .T. ) ;
#847 = ORIENTED_EDGE ( 'NONE', *, *, #2157, .T. ) ;
#848 = CARTESIAN_POINT ( 'NONE',  ( -39.76997410633942565, -0.03291242157381555483, 54.00000000000769518 ) ) ;
#849 = AXIS2_PLACEMENT_3D ( 'NONE', #1132, #639, #2826 ) ;
#850 = CYLINDRICAL_SURFACE ( 'NONE', #2080, 8.999999999999994671 ) ;
#851 = ORIENTED_EDGE ( 'NONE', *, *, #2813, .T. ) ;
#852 = CARTESIAN_POINT ( 'NONE',  ( -147.7856265546660950, -1.912224048051561320, -38.90769125431535258 ) ) ;
#853 = CARTESIAN_POINT ( 'NONE',  ( 34.31401294700757632, -159.1645206425424419, -40.00000000000000000 ) ) ;
#854 = EDGE_CURVE ( 'NONE', #2997, #1471, #2788, .T. ) ;
#855 = AXIS2_PLACEMENT_3D ( 'NONE', #2221, #2240, #1970 ) ;
#856 = CIRCLE ( 'NONE', #1312, 2.000000000000001776 ) ;
#857 = CARTESIAN_POINT ( 'NONE',  ( -39.77624725658949245, -1.999999998155402192, -54.00000000000000000 ) ) ;
#858 = EDGE_LOOP ( 'NONE', ( #1857, #1272, #480, #1678 ) ) ;
#859 = CIRCLE ( 'NONE', #2728, 5.500000000000005329 ) ;
#860 = AXIS2_PLACEMENT_3D ( 'NONE', #100, #1553, #2554 ) ;
#861 = CARTESIAN_POINT ( 'NONE',  ( -39.99999999999999289, -2.602085213965210642E-15, 55.97500000000000142 ) ) ;
#862 = CIRCLE ( 'NONE', #1015, 5.500000000000005329 ) ;
#863 = DIRECTION ( 'NONE',  ( 0.000000000000000000, 0.000000000000000000, -1.000000000000000000 ) ) ;
#864 = VERTEX_POINT ( 'NONE', #1584 ) ;
#865 = CARTESIAN_POINT ( 'NONE',  ( -120.6712860791049309, -2.000000000000002665, -54.00000000000000000 ) ) ;
#866 = EDGE_LOOP ( 'NONE', ( #2476, #1893, #797, #1232 ) ) ;
#867 = AXIS2_PLACEMENT_3D ( 'NONE', #2699, #1978, #1001 ) ;
#868 = ORIENTED_EDGE ( 'NONE', *, *, #3078, .T. ) ;
#869 = CARTESIAN_POINT ( 'NONE',  ( -40.67128607910483851, 6.938893903907221278E-15, 54.00000000000000000 ) ) ;
#870 = EDGE_CURVE ( 'NONE', #1597, #1643, #878, .T. ) ;
#871 = VECTOR ( 'NONE', #1013, 1000.000000000000000 ) ;
#872 = DIRECTION ( 'NONE',  ( -0.000000000000000000, -1.000000000000000000, -0.000000000000000000 ) ) ;
#873 = ORIENTED_EDGE ( 'NONE', *, *, #59, .T. ) ;
#874 = CARTESIAN_POINT ( 'NONE',  ( 40.00000000000000711, -2.602085213965210642E-15, 55.97500000000000142 ) ) ;
#875 = LINE ( 'NONE', #2285, #1767 ) ;
#876 = CARTESIAN_POINT ( 'NONE',  ( 40.67128607910483140, -2.000000000000000000, -56.00000000000000000 ) ) ;
#877 = VERTEX_POINT ( 'NONE', #801 ) ;
#878 = B_SPLINE_CURVE_WITH_KNOTS ( 'NONE', 3,
 ( #372, #1797, #1778, #1042, #599, #2265, #2013 ),
 .UNSPECIFIED., .F., .F.,
 ( 4, 3, 4 ),
 ( 0.000000000000000000, 0.0002619798332363983020, 0.001342572251666244911 ),
 .UNSPECIFIED. ) ;
#879 = EDGE_CURVE ( 'NONE', #2101, #3127, #128, .T. ) ;
#880 = DIRECTION ( 'NONE',  ( 1.000000000000000000, 0.000000000000000000, -0.000000000000000000 ) ) ;
#881 = FACE_OUTER_BOUND ( 'NONE', #2680, .T. ) ;
#882 = DIRECTION ( 'NONE',  ( 0.000000000000000000, 0.000000000000000000, -1.000000000000000000 ) ) ;
#883 = ORIENTED_EDGE ( 'NONE', *, *, #1647, .T. ) ;
#884 = ORIENTED_EDGE ( 'NONE', *, *, #2754, .F. ) ;
#885 = CARTESIAN_POINT ( 'NONE',  ( 120.0000000000000142, 0.02499999999999464456, 65.00000000000000000 ) ) ;
#886 = CARTESIAN_POINT ( 'NONE',  ( -120.0000000000000000, 0.000000000000000000, 74.00000000000000000 ) ) ;
#887 = ORIENTED_EDGE ( 'NONE', *, *, #2305, .F. ) ;
#888 = DIRECTION ( 'NONE',  ( -0.000000000000000000, -1.000000000000000000, -0.000000000000000000 ) ) ;
#889 = DIRECTION ( 'NONE',  ( 1.000000000000000000, -0.000000000000000000, -0.000000000000000000 ) ) ;
#890 = EDGE_CURVE ( 'NONE', #2864, #813, #2528, .T. ) ;
#891 = DIRECTION ( 'NONE',  ( 0.000000000000000000, 0.000000000000000000, -1.000000000000000000 ) ) ;
#892 = EDGE_CURVE ( 'NONE', #2928, #2864, #2534, .T. ) ;
#893 = ADVANCED_FACE ( 'NONE', ( #2819 ), #2361, .F. ) ;
#894 = CARTESIAN_POINT ( 'NONE',  ( 50.00000000000000000, -141.0000000000000000, 40.00000000000000000 ) ) ;
#895 = DIRECTION ( 'NONE',  ( -1.000000000000000000, 0.000000000000000000, 0.000000000000000000 ) ) ;
#896 = CARTESIAN_POINT ( 'NONE',  ( 120.6712860791047603, -2.000000000000001776, 54.00000000000000000 ) ) ;
#897 = EDGE_LOOP ( 'NONE', ( #2979, #1657, #74, #2421 ) ) ;
#898 = ORIENTED_EDGE ( 'NONE', *, *, #1082, .T. ) ;
#899 = LINE ( 'NONE', #2835, #84 ) ;
#900 = ORIENTED_EDGE ( 'NONE', *, *, #2809, .F. ) ;
#901 = CYLINDRICAL_SURFACE ( 'NONE', #3140, 2.000000000000001776 ) ;
#902 = CARTESIAN_POINT ( 'NONE',  ( 40.00000000000000711, 0.02499999999999464456, 74.00000000000000000 ) ) ;
#903 = AXIS2_PLACEMENT_3D ( 'NONE', #380, #2594, #2760 ) ;
#904 = CARTESIAN_POINT ( 'NONE',  ( 40.00000000000000711, 14.00000000000000000, 70.50000000000000000 ) ) ;
#905 = CIRCLE ( 'NONE', #1718, 5.500000000000005329 ) ;
#906 = EDGE_CURVE ( 'NONE', #158, #1106, #1362, .T. ) ;
#907 = LINE ( 'NONE', #699, #180 ) ;
#908 = CARTESIAN_POINT ( 'NONE',  ( 40.49663285863810813, -1.999969536130415504, 54.00000000000000000 ) ) ;
#909 = DIRECTION ( 'NONE',  ( -0.000000000000000000, -1.000000000000000000, -0.000000000000000000 ) ) ;
#910 = EDGE_LOOP ( 'NONE', ( #2393, #1338, #781, #2078, #2968 ) ) ;
#911 = ORIENTED_EDGE ( 'NONE', *, *, #1192, .F. ) ;
#912 = CIRCLE ( 'NONE', #2735, 5.500000000000005329 ) ;
#913 = EDGE_CURVE ( 'NONE', #559, #2140, #173, .T. ) ;
#914 = DIRECTION ( 'NONE',  ( 0.000000000000000000, 0.000000000000000000, -1.000000000000000000 ) ) ;
#915 = ORIENTED_EDGE ( 'NONE', *, *, #3097, .F. ) ;
#916 = VECTOR ( 'NONE', #125, 1000.000000000000000 ) ;
#917 = DIRECTION ( 'NONE',  ( -0.000000000000000000, -1.000000000000000000, -0.000000000000000000 ) ) ;
#918 = DIRECTION ( 'NONE',  ( -1.000000000000000000, 0.000000000000000000, 0.000000000000000000 ) ) ;
#919 = CIRCLE ( 'NONE', #2493, 8.999999999999994671 ) ;
#920 =( GEOMETRIC_REPRESENTATION_CONTEXT ( 3 ) GLOBAL_UNCERTAINTY_ASSIGNED_CONTEXT ( ( #431 ) ) GLOBAL_UNIT_ASSIGNED_CONTEXT ( ( #1360, #2314, #159 ) ) REPRESENTATION_CONTEXT ( 'NONE', 'WORKASPACE' ) );
#921 = DIRECTION ( 'NONE',  ( -0.000000000000000000, -1.000000000000000000, -0.000000000000000000 ) ) ;
#922 = FACE_OUTER_BOUND ( 'NONE', #1563, .T. ) ;
#923 = EDGE_CURVE ( 'NONE', #659, #239, #1892, .T. ) ;
#924 = DIRECTION ( 'NONE',  ( 0.000000000000000000, 0.000000000000000000, -1.000000000000000000 ) ) ;
#925 = LINE ( 'NONE', #643, #1121 ) ;
#926 = ORIENTED_EDGE ( 'NONE', *, *, #675, .F. ) ;
#927 = ORIENTED_EDGE ( 'NONE', *, *, #2156, .F. ) ;
#928 = EDGE_CURVE ( 'NONE', #2989, #2732, #1411, .T. ) ;
#929 = CARTESIAN_POINT ( 'NONE',  ( 39.32871392089516860, -2.602085213965210642E-15, 56.00000000000000000 ) ) ;
#930 = VERTEX_POINT ( 'NONE', #1183 ) ;
#931 = CARTESIAN_POINT ( 'NONE',  ( 120.0000000000000142, 14.00000000000000000, 70.50000000000000000 ) ) ;
#932 = CARTESIAN_POINT ( 'NONE',  ( -120.0000000000000000, -2.602085213965210642E-15, -65.00000000000000000 ) ) ;
#933 = DIRECTION ( 'NONE',  ( 0.000000000000000000, 0.000000000000000000, -1.000000000000000000 ) ) ;
#934 = ORIENTED_EDGE ( 'NONE', *, *, #3012, .T. ) ;
#935 = CARTESIAN_POINT ( 'NONE',  ( 40.22377880062870048, -1.999999998155509662, 54.00000000000000000 ) ) ;
#936 = CARTESIAN_POINT ( 'NONE',  ( -40.00000000000000711, 9.999999999999994671, -70.50000000000000000 ) ) ;
#937 = CARTESIAN_POINT ( 'NONE',  ( -40.00000000000000711, 14.00000000000000000, -65.00000000000000000 ) ) ;
#938 = ORIENTED_EDGE ( 'NONE', *, *, #1413, .F. ) ;
#939 = CARTESIAN_POINT ( 'NONE',  ( 39.99999999999999289, 9.999999999999994671, -65.00000000000000000 ) ) ;
#940 = EDGE_LOOP ( 'NONE', ( #1148, #873 ) ) ;
#941 = EDGE_CURVE ( 'NONE', #1949, #1420, #2158, .T. ) ;
#942 = DIRECTION ( 'NONE',  ( -0.000000000000000000, -1.000000000000000000, -0.000000000000000000 ) ) ;
#943 = ORIENTED_EDGE ( 'NONE', *, *, #1027, .F. ) ;
#944 =( BOUNDED_SURFACE ( )  B_SPLINE_SURFACE ( 3, 2, ( 
 ( #2557, #2743, #575 ),
 ( #1301, #1542, #857 ),
 ( #2270, #2996, #670 ),
 ( #1665, #1620, #1604 ) ),
 .UNSPECIFIED., .F., .F., .F. ) 
 B_SPLINE_SURFACE_WITH_KNOTS ( ( 4, 4 ),
 ( 3, 3 ),
 ( 0.006593514117989385595, 0.007951212332965319415 ),
 ( 0.000000000000000000, 1.000000000000000000 ),
 .UNSPECIFIED. ) 
 GEOMETRIC_REPRESENTATION_ITEM ( )  RATIONAL_B_SPLINE_SURFACE ( (
 ( 1.000000000000000000, 0.7071067811865460184, 1.000000000000000000),
 ( 1.000000000000000000, 0.7129803012494323466, 1.000000000000000000),
 ( 1.000000000000000000, 0.7129799938122313163, 1.000000000000000000),
 ( 1.000000000000000000, 0.7071067811865460184, 1.000000000000000000) ) ) 
 REPRESENTATION_ITEM ( '' )  SURFACE ( )  );
#945 = CARTESIAN_POINT ( 'NONE',  ( -149.0595735200051877, 0.000000000000000000, -40.00000000000000000 ) ) ;
#946 = CARTESIAN_POINT ( 'NONE',  ( -147.6839811761699366, -2.000000000000004441, -54.00000000000000000 ) ) ;
#947 = CIRCLE ( 'NONE', #1713, 2.000000000000000000 ) ;
#948 = VECTOR ( 'NONE', #2854, 1000.000000000000000 ) ;
#949 = CARTESIAN_POINT ( 'NONE',  ( 40.00000000000000711, -2.602085213965210642E-15, 65.00000000000000000 ) ) ;
#950 = AXIS2_PLACEMENT_3D ( 'NONE', #2398, #1230, #1863 ) ;
#951 = LINE ( 'NONE', #1672, #1671 ) ;
#952 = VECTOR ( 'NONE', #1125, 1000.000000000000000 ) ;
#953 = DIRECTION ( 'NONE',  ( 0.000000000000000000, 0.000000000000000000, -1.000000000000000000 ) ) ;
#954 = VERTEX_POINT ( 'NONE', #1149 ) ;
#955 = AXIS2_PLACEMENT_3D ( 'NONE', #387, #1658, #2624 ) ;
#956 = DIRECTION ( 'NONE',  ( 1.000000000000000000, 0.000000000000000000, 0.000000000000000000 ) ) ;
#957 = ORIENTED_EDGE ( 'NONE', *, *, #306, .T. ) ;
#958 = DIRECTION ( 'NONE',  ( -1.000000000000000000, 0.000000000000000000, 0.000000000000000000 ) ) ;
#959 = AXIS2_PLACEMENT_3D ( 'NONE', #8, #2921, #510 ) ;
#960 = ORIENTED_EDGE ( 'NONE', *, *, #2352, .F. ) ;
#961 = EDGE_CURVE ( 'NONE', #1433, #1806, #1975, .T. ) ;
#962 = AXIS2_PLACEMENT_3D ( 'NONE', #2866, #150, #2127 ) ;
#963 = CARTESIAN_POINT ( 'NONE',  ( 62.00000000000000000, -141.0000000000000000, 54.00000000000000000 ) ) ;
#964 = CARTESIAN_POINT ( 'NONE',  ( -120.0000000000000000, 0.02499999999999464456, -65.00000000000000000 ) ) ;
#965 = DIRECTION ( 'NONE',  ( 0.000000000000000000, 0.000000000000000000, -1.000000000000000000 ) ) ;
#966 = FACE_OUTER_BOUND ( 'NONE', #2304, .T. ) ;
#967 = AXIS2_PLACEMENT_3D ( 'NONE', #2620, #3120, #203 ) ;
#968 = EDGE_CURVE ( 'NONE', #2956, #3033, #433, .T. ) ;
#969 = VERTEX_POINT ( 'NONE', #2851 ) ;
#970 = CIRCLE ( 'NONE', #1273, 23.99999999999993960 ) ;
#971 = CARTESIAN_POINT ( 'NONE',  ( -119.3287139208950407, -2.000000000000000000, -56.00000000000000000 ) ) ;
#972 = EDGE_CURVE ( 'NONE', #49, #269, #233, .T. ) ;
#973 = CARTESIAN_POINT ( 'NONE',  ( 150.0000000000000000, 0.000000000000000000, -33.99999999999999289 ) ) ;
#974 = DIRECTION ( 'NONE',  ( -0.000000000000000000, -1.000000000000000000, -0.000000000000000000 ) ) ;
#975 = CARTESIAN_POINT ( 'NONE',  ( -150.0000000000000000, 0.000000000000000000, -54.00000000000000000 ) ) ;
#976 = ORIENTED_EDGE ( 'NONE', *, *, #2998, .F. ) ;
#977 = DIRECTION ( 'NONE',  ( -0.000000000000000000, -1.000000000000000000, -0.000000000000000000 ) ) ;
#978 = ORIENTED_EDGE ( 'NONE', *, *, #879, .T. ) ;
#979 = CARTESIAN_POINT ( 'NONE',  ( -149.0595735200051877, -6.000000000000000000, -34.00000000000000000 ) ) ;
#980 = DIRECTION ( 'NONE',  ( -0.000000000000000000, -1.000000000000000000, -0.000000000000000000 ) ) ;
#981 = DIRECTION ( 'NONE',  ( -0.000000000000000000, -1.000000000000000000, -0.000000000000000000 ) ) ;
#982 = EDGE_CURVE ( 'NONE', #1507, #1739, #603, .T. ) ;
#983 = EDGE_CURVE ( 'NONE', #526, #2359, #1138, .T. ) ;
#984 = DIRECTION ( 'NONE',  ( -0.000000000000000000, -1.000000000000000000, -0.000000000000000000 ) ) ;
#985 = VERTEX_POINT ( 'NONE', #929 ) ;
#986 = CARTESIAN_POINT ( 'NONE',  ( -149.0406735924582051, -0.8284271247461910681, -54.00000000000000000 ) ) ;
#987 = FACE_BOUND ( 'NONE', #1453, .T. ) ;
#988 = FACE_OUTER_BOUND ( 'NONE', #1181, .T. ) ;
#989 = DIRECTION ( 'NONE',  ( -0.000000000000000000, 0.000000000000000000, 1.000000000000000000 ) ) ;
#990 = ORIENTED_EDGE ( 'NONE', *, *, #751, .F. ) ;
#991 = DIRECTION ( 'NONE',  ( 0.000000000000000000, 0.000000000000000000, -1.000000000000000000 ) ) ;
#992 = ORIENTED_EDGE ( 'NONE', *, *, #1255, .F. ) ;
#993 = CARTESIAN_POINT ( 'NONE',  ( -119.7737985999558674, 1.151776037458298767E-16, 55.96680231594809385 ) ) ;
#994 = DIRECTION ( 'NONE',  ( 1.000000000000000000, -0.000000000000000000, -0.000000000000000000 ) ) ;
#995 = DIRECTION ( 'NONE',  ( 0.000000000000000000, 0.000000000000000000, -1.000000000000000000 ) ) ;
#996 = DIRECTION ( 'NONE',  ( -0.000000000000000000, -1.000000000000000000, -0.000000000000000000 ) ) ;
#997 = EDGE_LOOP ( 'NONE', ( #212, #1701 ) ) ;
#998 = EDGE_CURVE ( 'NONE', #118, #97, #2567, .T. ) ;
#999 = AXIS2_PLACEMENT_3D ( 'NONE', #949, #1926, #2887 ) ;
#1000 = CARTESIAN_POINT ( 'NONE',  ( -39.99999999999999289, -2.602085213965210642E-15, 65.00000000000000000 ) ) ;
#1001 = DIRECTION ( 'NONE',  ( 0.000000000000000000, 0.000000000000000000, -1.000000000000000000 ) ) ;
#1002 = VERTEX_POINT ( 'NONE', #3113 ) ;
#1003 = VECTOR ( 'NONE', #274, 1000.000000000000000 ) ;
#1004 = VECTOR ( 'NONE', #3053, 1000.000000000000000 ) ;
#1005 = CARTESIAN_POINT ( 'NONE',  ( -120.0000000000000000, 0.02499999999999464456, -56.00000000000000711 ) ) ;
#1006 = ORIENTED_EDGE ( 'NONE', *, *, #539, .T. ) ;
#1007 = CARTESIAN_POINT ( 'NONE',  ( 120.6712860791049309, -2.602085213965210642E-15, -56.00000000000000000 ) ) ;
#1008 = VERTEX_POINT ( 'NONE', #2143 ) ;
#1009 = AXIS2_PLACEMENT_3D ( 'NONE', #107, #1579, #1791 ) ;
#1010 = EDGE_CURVE ( 'NONE', #1438, #370, #899, .T. ) ;
#1011 = DIRECTION ( 'NONE',  ( -0.000000000000000000, -1.000000000000000000, -0.000000000000000000 ) ) ;
#1012 = AXIS2_PLACEMENT_3D ( 'NONE', #2963, #1011, #1454 ) ;
#1013 = DIRECTION ( 'NONE',  ( 0.000000000000000000, -0.7071067811863512853, -0.7071067811867437491 ) ) ;
#1014 = CARTESIAN_POINT ( 'NONE',  ( 40.31108863443500923, -2.000000000000000000, -54.00000000000000000 ) ) ;
#1015 = AXIS2_PLACEMENT_3D ( 'NONE', #2739, #2034, #822 ) ;
#1016 = CIRCLE ( 'NONE', #3142, 9.024999999999991473 ) ;
#1017 = LINE ( 'NONE', #2460, #1817 ) ;
#1018 = ORIENTED_EDGE ( 'NONE', *, *, #2812, .T. ) ;
#1019 = CIRCLE ( 'NONE', #2191, 11.99999999999999645 ) ;
#1020 = ORIENTED_EDGE ( 'NONE', *, *, #1566, .F. ) ;
#1021 = EDGE_CURVE ( 'NONE', #2565, #3103, #2112, .T. ) ;
#1022 = VECTOR ( 'NONE', #2195, 1000.000000000000000 ) ;
#1023 = DIRECTION ( 'NONE',  ( 0.7568550267726046332, -0.6535827938746858745, 0.000000000000000000 ) ) ;
#1024 = ORIENTED_EDGE ( 'NONE', *, *, #1813, .T. ) ;
#1025 = CARTESIAN_POINT ( 'NONE',  ( -120.2262014000441894, 1.151776037503991809E-16, -55.96680231594677934 ) ) ;
#1026 = EDGE_CURVE ( 'NONE', #1694, #864, #905, .T. ) ;
#1027 = EDGE_CURVE ( 'NONE', #2453, #2600, #1903, .T. ) ;
#1028 = ORIENTED_EDGE ( 'NONE', *, *, #1177, .F. ) ;
#1029 = FACE_OUTER_BOUND ( 'NONE', #1527, .T. ) ;
#1030 = FACE_OUTER_BOUND ( 'NONE', #1136, .T. ) ;
#1031 = LINE ( 'NONE', #2915, #2673 ) ;
#1032 = ADVANCED_FACE ( 'NONE', ( #1600, #690 ), #2349, .F. ) ;
#1033 = DIRECTION ( 'NONE',  ( -0.000000000000000000, -0.000000000000000000, -1.000000000000000000 ) ) ;
#1034 = EDGE_LOOP ( 'NONE', ( #3101, #2727, #1073, #1994 ) ) ;
#1035 = ORIENTED_EDGE ( 'NONE', *, *, #982, .T. ) ;
#1036 = DIRECTION ( 'NONE',  ( -0.000000000000000000, 0.000000000000000000, 1.000000000000000000 ) ) ;
#1037 = ORIENTED_EDGE ( 'NONE', *, *, #2556, .T. ) ;
#1038 = CARTESIAN_POINT ( 'NONE',  ( -143.0519435285098382, -6.000000000000001776, 40.00000000000000000 ) ) ;
#1039 = ORIENTED_EDGE ( 'NONE', *, *, #42, .F. ) ;
#1040 = LINE ( 'NONE', #1700, #1022 ) ;
#1041 = EDGE_CURVE ( 'NONE', #2986, #2163, #1194, .T. ) ;
#1042 = CARTESIAN_POINT ( 'NONE',  ( -119.5906937468884763, -1.999938396206186964, 54.00000000000000000 ) ) ;
#1043 = CARTESIAN_POINT ( 'NONE',  ( 120.0000000000000000, 0.000000000000000000, -65.00000000000000000 ) ) ;
#1044 = DIRECTION ( 'NONE',  ( 1.000000000000000000, 0.000000000000000000, 0.000000000000000000 ) ) ;
#1045 = CARTESIAN_POINT ( 'NONE',  ( 120.0000000000000000, 14.00000000000000000, -65.00000000000000000 ) ) ;
#1046 = CARTESIAN_POINT ( 'NONE',  ( 39.99999999999999289, -2.602085213965210642E-15, -74.02500000000000568 ) ) ;
#1047 = ORIENTED_EDGE ( 'NONE', *, *, #3097, .T. ) ;
#1048 = VERTEX_POINT ( 'NONE', #2202 ) ;
#1049 = AXIS2_PLACEMENT_3D ( 'NONE', #2798, #3011, #827 ) ;
#1050 = ORIENTED_EDGE ( 'NONE', *, *, #1980, .F. ) ;
#1051 = AXIS2_PLACEMENT_3D ( 'NONE', #64, #2792, #2302 ) ;
#1052 = CARTESIAN_POINT ( 'NONE',  ( 120.0000000000000000, 0.000000000000000000, -55.99999999999999289 ) ) ;
#1053 = EDGE_LOOP ( 'NONE', ( #1120, #2511, #645, #2558 ) ) ;
#1054 = ORIENTED_EDGE ( 'NONE', *, *, #2855, .T. ) ;
#1055 = DIRECTION ( 'NONE',  ( -0.000000000000000000, -0.000000000000000000, -1.000000000000000000 ) ) ;
#1056 = VECTOR ( 'NONE', #1860, 1000.000000000000000 ) ;
#1057 = CARTESIAN_POINT ( 'NONE',  ( -39.50336714136189897, -1.999969536130415504, 54.00000000000000000 ) ) ;
#1058 = CYLINDRICAL_SURFACE ( 'NONE', #1517, 5.499999999999998224 ) ;
#1059 = FACE_BOUND ( 'NONE', #2831, .T. ) ;
#1060 = CIRCLE ( 'NONE', #1009, 2.000000000000001776 ) ;
#1061 = EDGE_CURVE ( 'NONE', #1113, #2561, #859, .T. ) ;
#1062 = DIRECTION ( 'NONE',  ( 0.000000000000000000, 0.000000000000000000, -1.000000000000000000 ) ) ;
#1063 = ORIENTED_EDGE ( 'NONE', *, *, #2245, .T. ) ;
#1064 = EDGE_CURVE ( 'NONE', #1410, #2518, #2479, .T. ) ;
#1065 = CIRCLE ( 'NONE', #2540, 5.500000000000005329 ) ;
#1066 = DIRECTION ( 'NONE',  ( 0.000000000000000000, 0.000000000000000000, -1.000000000000000000 ) ) ;
#1067 =( BOUNDED_SURFACE ( )  B_SPLINE_SURFACE ( 3, 2, ( 
 ( #1952, #2913, #2674 ),
 ( #259, #1235, #2206 ),
 ( #993, #2931, #1968 ),
 ( #758, #2219, #31 ) ),
 .UNSPECIFIED., .F., .F., .F. ) 
 B_SPLINE_SURFACE_WITH_KNOTS ( ( 4, 4 ),
 ( 3, 3 ),
 ( 0.006593514117990514900, 0.007951212332966632601 ),
 ( 0.000000000000000000, 1.000000000000000000 ),
 .UNSPECIFIED. ) 
 GEOMETRIC_REPRESENTATION_ITEM ( )  RATIONAL_B_SPLINE_SURFACE ( (
 ( 1.000000000000000000, 0.7071067811865460184, 1.000000000000000000),
 ( 1.000000000000000000, 0.7129803012494323466, 1.000000000000000000),
 ( 1.000000000000000000, 0.7129799938122335368, 1.000000000000000000),
 ( 1.000000000000000000, 0.7071067811865460184, 1.000000000000000000) ) ) 
 REPRESENTATION_ITEM ( '' )  SURFACE ( )  );
#1068 = EDGE_CURVE ( 'NONE', #2895, #769, #2909, .T. ) ;
#1069 = AXIS2_PLACEMENT_3D ( 'NONE', #3106, #921, #891 ) ;
#1070 = VERTEX_POINT ( 'NONE', #469 ) ;
#1071 = AXIS2_PLACEMENT_3D ( 'NONE', #2519, #1758, #2647 ) ;
#1072 = FACE_BOUND ( 'NONE', #2547, .T. ) ;
#1073 = ORIENTED_EDGE ( 'NONE', *, *, #637, .F. ) ;
#1074 = ORIENTED_EDGE ( 'NONE', *, *, #2499, .F. ) ;
#1075 = DIRECTION ( 'NONE',  ( 0.000000000000000000, 0.000000000000000000, -1.000000000000000000 ) ) ;
#1076 = CARTESIAN_POINT ( 'NONE',  ( 120.0000000000000000, -2.602085213965210642E-15, -65.00000000000000000 ) ) ;
#1077 = DIRECTION ( 'NONE',  ( 0.000000000000000000, 0.000000000000000000, -1.000000000000000000 ) ) ;
#1078 = CARTESIAN_POINT ( 'NONE',  ( -120.0000000000000000, 14.00000000000000000, 70.50000000000000000 ) ) ;
#1079 = DIRECTION ( 'NONE',  ( 0.000000000000000000, -0.7071067811864494290, -0.7071067811866454944 ) ) ;
#1080 = VERTEX_POINT ( 'NONE', #1005 ) ;
#1081 = ADVANCED_FACE ( 'NONE', ( #1245 ), #2701, .F. ) ;
#1082 = EDGE_CURVE ( 'NONE', #2736, #316, #11, .T. ) ;
#1083 = CARTESIAN_POINT ( 'NONE',  ( -149.0595735200051877, 0.000000000000000000, -34.00000000000000000 ) ) ;
#1084 = EDGE_CURVE ( 'NONE', #1080, #1974, #1463, .T. ) ;
#1085 = LINE ( 'NONE', #2058, #2024 ) ;
#1086 = ORIENTED_EDGE ( 'NONE', *, *, #594, .T. ) ;
#1087 = DIRECTION ( 'NONE',  ( -0.000000000000000000, -1.000000000000000000, -0.000000000000000000 ) ) ;
#1088 = ORIENTED_EDGE ( 'NONE', *, *, #2809, .T. ) ;
#1089 = ORIENTED_EDGE ( 'NONE', *, *, #461, .F. ) ;
#1090 = CARTESIAN_POINT ( 'NONE',  ( -120.0000000000000000, 9.999999999999994671, -70.50000000000000000 ) ) ;
#1091 = ORIENTED_EDGE ( 'NONE', *, *, #2429, .F. ) ;
#1092 = FACE_OUTER_BOUND ( 'NONE', #554, .T. ) ;
#1093 = CARTESIAN_POINT ( 'NONE',  ( 71.31444453095944880, -152.0315209439428656, 54.00000000000000000 ) ) ;
#1094 = DIRECTION ( 'NONE',  ( 0.000000000000000000, 0.000000000000000000, 1.000000000000000000 ) ) ;
#1095 = ORIENTED_EDGE ( 'NONE', *, *, #462, .T. ) ;
#1096 = CARTESIAN_POINT ( 'NONE',  ( -40.00000000000000711, -2.602085213965210642E-15, -55.97500000000000142 ) ) ;
#1097 = ADVANCED_FACE ( 'NONE', ( #254 ), #1982, .F. ) ;
#1098 = FACE_OUTER_BOUND ( 'NONE', #356, .T. ) ;
#1099 = ORIENTED_EDGE ( 'NONE', *, *, #160, .F. ) ;
#1100 = DIRECTION ( 'NONE',  ( 0.000000000000000000, -0.7071067811863512853, -0.7071067811867437491 ) ) ;
#1101 = ORIENTED_EDGE ( 'NONE', *, *, #2888, .F. ) ;
#1102 = ORIENTED_EDGE ( 'NONE', *, *, #1395, .T. ) ;
#1103 = CARTESIAN_POINT ( 'NONE',  ( 150.0000000000000000, 0.000000000000000000, 56.00000000000000000 ) ) ;
#1104 = CIRCLE ( 'NONE', #1049, 8.999999999999994671 ) ;
#1105 = DIRECTION ( 'NONE',  ( -0.000000000000000000, -1.000000000000000000, -0.000000000000000000 ) ) ;
#1106 = VERTEX_POINT ( 'NONE', #2944 ) ;
#1107 = CARTESIAN_POINT ( 'NONE',  ( 39.99999999999999289, 0.000000000000000000, -65.00000000000000000 ) ) ;
#1108 = DIRECTION ( 'NONE',  ( 0.000000000000000000, 0.000000000000000000, 1.000000000000000000 ) ) ;
#1109 = EDGE_CURVE ( 'NONE', #2568, #2498, #2935, .T. ) ;
#1110 = AXIS2_PLACEMENT_3D ( 'NONE', #1812, #2084, #2253 ) ;
#1111 = CONICAL_SURFACE ( 'NONE', #2934, 9.025000000000005684, 0.7853981633977258348 ) ;
#1112 = DIRECTION ( 'NONE',  ( 0.000000000000000000, -1.000000000000000000, 0.000000000000000000 ) ) ;
#1113 = VERTEX_POINT ( 'NONE', #1231 ) ;
#1114 = CIRCLE ( 'NONE', #1316, 11.99999999999999645 ) ;
#1115 = FACE_OUTER_BOUND ( 'NONE', #2704, .T. ) ;
#1116 = CONICAL_SURFACE ( 'NONE', #3040, 9.025000000000005684, 0.7853981633975176679 ) ;
#1117 = CARTESIAN_POINT ( 'NONE',  ( 120.0000000000000142, 0.000000000000000000, 59.50000000000000000 ) ) ;
#1118 = ADVANCED_FACE ( 'NONE', ( #1743 ), #1466, .F. ) ;
#1119 = CARTESIAN_POINT ( 'NONE',  ( 120.0000000000000142, 0.000000000000000000, 65.00000000000000000 ) ) ;
#1120 = ORIENTED_EDGE ( 'NONE', *, *, #4, .T. ) ;
#1121 = VECTOR ( 'NONE', #3050, 1000.000000000000000 ) ;
#1122 = VERTEX_POINT ( 'NONE', #2168 ) ;
#1123 = CARTESIAN_POINT ( 'NONE',  ( 0.000000000000000000, 0.000000000000000000, 0.000000000000000000 ) ) ;
#1124 = VECTOR ( 'NONE', #1785, 1000.000000000000000 ) ;
#1125 = DIRECTION ( 'NONE',  ( -0.000000000000000000, -1.000000000000000000, -0.000000000000000000 ) ) ;
#1126 = EDGE_CURVE ( 'NONE', #1248, #2684, #3126, .T. ) ;
#1127 = ORIENTED_EDGE ( 'NONE', *, *, #1683, .F. ) ;
#1128 = FACE_OUTER_BOUND ( 'NONE', #1034, .T. ) ;
#1129 = DIRECTION ( 'NONE',  ( -0.000000000000000000, -1.000000000000000000, -0.000000000000000000 ) ) ;
#1130 = AXIS2_PLACEMENT_3D ( 'NONE', #1204, #2885, #1514 ) ;
#1131 = CARTESIAN_POINT ( 'NONE',  ( -39.99999999999999289, 0.000000000000000000, 59.50000000000000000 ) ) ;
#1132 = CARTESIAN_POINT ( 'NONE',  ( -40.00000000000000711, 9.999999999999994671, -65.00000000000000000 ) ) ;
#1133 = DIRECTION ( 'NONE',  ( -0.000000000000000000, -1.000000000000000000, -0.000000000000000000 ) ) ;
#1134 = DIRECTION ( 'NONE',  ( -0.000000000000000000, -1.000000000000000000, -0.000000000000000000 ) ) ;
#1135 = ORIENTED_EDGE ( 'NONE', *, *, #557, .T. ) ;
#1136 = EDGE_LOOP ( 'NONE', ( #1402, #1853, #1794, #1447, #697 ) ) ;
#1137 = DIRECTION ( 'NONE',  ( -0.000000000000000000, -1.000000000000000000, -0.000000000000000000 ) ) ;
#1138 = LINE ( 'NONE', #207, #1004 ) ;
#1139 = EDGE_LOOP ( 'NONE', ( #2762, #1277 ) ) ;
#1140 = DIRECTION ( 'NONE',  ( 0.000000000000000000, 0.000000000000000000, -1.000000000000000000 ) ) ;
#1141 = CARTESIAN_POINT ( 'NONE',  ( 39.99999999999999289, 0.000000000000000000, -59.50000000000000000 ) ) ;
#1142 = EDGE_CURVE ( 'NONE', #158, #316, #513, .T. ) ;
#1143 = DIRECTION ( 'NONE',  ( 0.000000000000000000, 1.000000000000000000, 0.000000000000000000 ) ) ;
#1144 = CARTESIAN_POINT ( 'NONE',  ( -120.0000000000000000, -2.602085213965210642E-15, -65.00000000000000000 ) ) ;
#1145 = DIRECTION ( 'NONE',  ( 0.000000000000000000, 0.000000000000000000, 1.000000000000000000 ) ) ;
#1146 = CARTESIAN_POINT ( 'NONE',  ( 40.00000000000000711, -2.602085213965210642E-15, 74.02500000000000568 ) ) ;
#1147 = VERTEX_POINT ( 'NONE', #2407 ) ;
#1148 = ORIENTED_EDGE ( 'NONE', *, *, #2322, .T. ) ;
#1149 = CARTESIAN_POINT ( 'NONE',  ( 150.0000000000000000, 14.00000000000000000, -75.00000000000000000 ) ) ;
#1150 = ORIENTED_EDGE ( 'NONE', *, *, #522, .F. ) ;
#1151 = FACE_OUTER_BOUND ( 'NONE', #833, .T. ) ;
#1152 = CARTESIAN_POINT ( 'NONE',  ( 39.32871392089515439, -2.000000000000001776, 54.00000000000000000 ) ) ;
#1153 = CIRCLE ( 'NONE', #2772, 2.000000000000000000 ) ;
#1154 = EDGE_CURVE ( 'NONE', #1002, #2820, #1114, .T. ) ;
#1155 = AXIS2_PLACEMENT_3D ( 'NONE', #2211, #984, #1738 ) ;
#1156 = CARTESIAN_POINT ( 'NONE',  ( -40.67128607910484561, -2.602085213965210642E-15, -56.00000000000000000 ) ) ;
#1157 = ORIENTED_EDGE ( 'NONE', *, *, #1829, .T. ) ;
#1158 = AXIS2_PLACEMENT_3D ( 'NONE', #2146, #1603, #424 ) ;
#1159 = EDGE_CURVE ( 'NONE', #1214, #127, #2981, .T. ) ;
#1160 = CARTESIAN_POINT ( 'NONE',  ( -120.0000000000000000, -2.602085213965210642E-15, 74.02500000000000568 ) ) ;
#1161 = CIRCLE ( 'NONE', #2778, 23.99999999999993960 ) ;
#1162 = CIRCLE ( 'NONE', #38, 5.499999999999998224 ) ;
#1163 = DIRECTION ( 'NONE',  ( 0.000000000000000000, 0.000000000000000000, -1.000000000000000000 ) ) ;
#1164 = CARTESIAN_POINT ( 'NONE',  ( -120.0000000000000000, -2.602085213965210642E-15, 65.00000000000000000 ) ) ;
#1165 = ORIENTED_EDGE ( 'NONE', *, *, #2227, .F. ) ;
#1166 = ORIENTED_EDGE ( 'NONE', *, *, #2403, .F. ) ;
#1167 = DIRECTION ( 'NONE',  ( 1.000000000000000000, -0.000000000000000000, -0.000000000000000000 ) ) ;
#1168 = ORIENTED_EDGE ( 'NONE', *, *, #2077, .F. ) ;
#1169 = CIRCLE ( 'NONE', #247, 11.99999999999999645 ) ;
#1170 = LINE ( 'NONE', #2604, #2133 ) ;
#1171 = CYLINDRICAL_SURFACE ( 'NONE', #2326, 9.000000000000007105 ) ;
#1172 = VECTOR ( 'NONE', #344, 999.9999999999998863 ) ;
#1173 = PRODUCT_DEFINITION_FORMATION_WITH_SPECIFIED_SOURCE ( 'ANY', '', #3123, .NOT_KNOWN. ) ;
#1174 = CARTESIAN_POINT ( 'NONE',  ( 120.0000000000000000, 14.00000000000000000, -59.50000000000000000 ) ) ;
#1175 = ORIENTED_EDGE ( 'NONE', *, *, #1491, .F. ) ;
#1176 = CARTESIAN_POINT ( 'NONE',  ( 39.32871392089515439, 0.000000000000000000, 56.00000000000000711 ) ) ;
#1177 = EDGE_CURVE ( 'NONE', #2259, #765, #1368, .T. ) ;
#1178 = EDGE_CURVE ( 'NONE', #559, #2895, #291, .T. ) ;
#1179 = DIRECTION ( 'NONE',  ( 0.000000000000000000, 0.000000000000000000, -1.000000000000000000 ) ) ;
#1180 = CARTESIAN_POINT ( 'NONE',  ( 120.4966328586382076, -1.999969536130415504, 54.00000000000000000 ) ) ;
#1181 = EDGE_LOOP ( 'NONE', ( #385, #2517, #1486, #267 ) ) ;
#1182 = ORIENTED_EDGE ( 'NONE', *, *, #2142, .T. ) ;
#1183 = CARTESIAN_POINT ( 'NONE',  ( -147.6839811761699366, -2.000000000000001776, 54.00000000000000000 ) ) ;
#1184 = EDGE_LOOP ( 'NONE', ( #629, #1944 ) ) ;
#1185 = DIRECTION ( 'NONE',  ( 0.000000000000000000, -1.000000000000000000, 0.000000000000000000 ) ) ;
#1186 = VERTEX_POINT ( 'NONE', #2420 ) ;
#1187 = CARTESIAN_POINT ( 'NONE',  ( -120.0000000000000000, 9.999999999999994671, 65.00000000000000000 ) ) ;
#1188 = ORIENTED_EDGE ( 'NONE', *, *, #1444, .T. ) ;
#1189 = FACE_OUTER_BOUND ( 'NONE', #2189, .T. ) ;
#1190 = DIRECTION ( 'NONE',  ( -0.000000000000000000, -1.000000000000000000, -0.000000000000000000 ) ) ;
#1191 = CARTESIAN_POINT ( 'NONE',  ( 0.000000000000000000, 0.000000000000000000, -40.00000000000000000 ) ) ;
#1192 = EDGE_CURVE ( 'NONE', #3127, #118, #754, .T. ) ;
#1193 = EDGE_LOOP ( 'NONE', ( #722, #1562 ) ) ;
#1194 = LINE ( 'NONE', #975, #804 ) ;
#1195 = MANIFOLD_SOLID_BREP ( 'Fillet2', #440 ) ;
#1196 = ORIENTED_EDGE ( 'NONE', *, *, #3111, .T. ) ;
#1197 = FACE_OUTER_BOUND ( 'NONE', #1845, .T. ) ;
#1198 = EDGE_CURVE ( 'NONE', #297, #583, #2293, .T. ) ;
#1199 = ORIENTED_EDGE ( 'NONE', *, *, #624, .T. ) ;
#1200 = DIRECTION ( 'NONE',  ( -0.000000000000000000, -1.000000000000000000, -0.000000000000000000 ) ) ;
#1201 = PLANE ( 'NONE',  #1629 ) ;
#1202 = CARTESIAN_POINT ( 'NONE',  ( -143.0519435285098382, -6.000000000000001776, 40.00000000000000000 ) ) ;
#1203 = ADVANCED_FACE ( 'NONE', ( #1288 ), #3130, .F. ) ;
#1204 = CARTESIAN_POINT ( 'NONE',  ( 50.00000000000000000, -141.0000000000000000, 54.00000000000000000 ) ) ;
#1205 = AXIS2_PLACEMENT_3D ( 'NONE', #2941, #168, #228 ) ;
#1206 = AXIS2_PLACEMENT_3D ( 'NONE', #2413, #2900, #2708 ) ;
#1207 = DIRECTION ( 'NONE',  ( 8.659560562357336419E-17, -0.7071067811863512853, 0.7071067811867437491 ) ) ;
#1208 = VECTOR ( 'NONE', #1613, 1000.000000000000000 ) ;
#1209 = LINE ( 'NONE', #1976, #397 ) ;
#1210 = AXIS2_PLACEMENT_3D ( 'NONE', #2668, #25, #1435 ) ;
#1211 = DIRECTION ( 'NONE',  ( -1.000000000000000000, 0.000000000000000000, 0.000000000000000000 ) ) ;
#1212 = AXIS2_PLACEMENT_3D ( 'NONE', #428, #3049, #1163 ) ;
#1213 = CARTESIAN_POINT ( 'NONE',  ( -40.00000000000000711, -2.602085213965210642E-15, -65.00000000000000000 ) ) ;
#1214 = VERTEX_POINT ( 'NONE', #2957 ) ;
#1215 = CARTESIAN_POINT ( 'NONE',  ( 40.00000000000000711, -2.602085213965210642E-15, 65.00000000000000000 ) ) ;
#1216 = AXIS2_PLACEMENT_3D ( 'NONE', #3086, #917, #692 ) ;
#1217 = ORIENTED_EDGE ( 'NONE', *, *, #2705, .F. ) ;
#1218 = EDGE_CURVE ( 'NONE', #2359, #843, #1060, .T. ) ;
#1219 = EDGE_CURVE ( 'NONE', #434, #2820, #1085, .T. ) ;
#1220 = CIRCLE ( 'NONE', #2388, 8.999999999999994671 ) ;
#1221 = LINE ( 'NONE', #287, #2839 ) ;
#1222 = DIRECTION ( 'NONE',  ( -0.000000000000000000, -1.000000000000000000, -0.000000000000000000 ) ) ;
#1223 = CARTESIAN_POINT ( 'NONE',  ( 34.31401294700756921, -159.1645206425424419, 54.00000000000000000 ) ) ;
#1224 = PLANE ( 'NONE',  #1737 ) ;
#1225 = AXIS2_PLACEMENT_3D ( 'NONE', #1638, #2592, #933 ) ;
#1226 = VECTOR ( 'NONE', #3059, 1000.000000000000000 ) ;
#1227 = DIRECTION ( 'NONE',  ( 0.000000000000000000, 1.000000000000000000, 0.000000000000000000 ) ) ;
#1228 = CARTESIAN_POINT ( 'NONE',  ( -120.0000000000000000, -2.602085213965210642E-15, -74.02500000000000568 ) ) ;
#1229 = CARTESIAN_POINT ( 'NONE',  ( -120.0000000000000000, -2.602085213965210642E-15, -65.00000000000000000 ) ) ;
#1230 = DIRECTION ( 'NONE',  ( -1.000000000000000000, -6.938893903907232322E-15, 0.000000000000000000 ) ) ;
#1231 = CARTESIAN_POINT ( 'NONE',  ( -39.99999999999999289, 14.00000000000000000, 70.50000000000000000 ) ) ;
#1232 = ORIENTED_EDGE ( 'NONE', *, *, #2975, .F. ) ;
#1233 = CARTESIAN_POINT ( 'NONE',  ( -40.00000000000000711, 9.999999999999994671, -65.00000000000000000 ) ) ;
#1234 = ORIENTED_EDGE ( 'NONE', *, *, #18, .T. ) ;
#1235 = CARTESIAN_POINT ( 'NONE',  ( -120.2300001999536647, -0.03291433799988240788, 54.00000000000770939 ) ) ;
#1236 = LINE ( 'NONE', #288, #1679 ) ;
#1237 = CARTESIAN_POINT ( 'NONE',  ( 39.59069374685135045, -1.999938396206200286, -54.00000000000000000 ) ) ;
#1238 = EDGE_CURVE ( 'NONE', #877, #2360, #188, .T. ) ;
#1239 = CARTESIAN_POINT ( 'NONE',  ( -40.00000000000000711, -2.602085213965210642E-15, -74.02500000000000568 ) ) ;
#1240 = ORIENTED_EDGE ( 'NONE', *, *, #2764, .T. ) ;
#1241 = DIRECTION ( 'NONE',  ( 0.000000000000000000, 0.000000000000000000, -1.000000000000000000 ) ) ;
#1242 = CARTESIAN_POINT ( 'NONE',  ( 119.6889113655527126, -2.000000000000000000, 54.00000000000000000 ) ) ;
#1243 = ORIENTED_EDGE ( 'NONE', *, *, #2365, .T. ) ;
#1244 = EDGE_CURVE ( 'NONE', #3127, #319, #2513, .T. ) ;
#1245 = FACE_OUTER_BOUND ( 'NONE', #897, .T. ) ;
#1246 = ORIENTED_EDGE ( 'NONE', *, *, #295, .F. ) ;
#1247 = CARTESIAN_POINT ( 'NONE',  ( -40.49663285866292739, -1.999969536130424164, -54.00000000000000000 ) ) ;
#1248 = VERTEX_POINT ( 'NONE', #796 ) ;
#1249 = LINE ( 'NONE', #2426, #555 ) ;
#1250 = DIRECTION ( 'NONE',  ( 0.000000000000000000, 0.000000000000000000, -1.000000000000000000 ) ) ;
#1251 = CARTESIAN_POINT ( 'NONE',  ( 38.00000000000000711, -141.0000000000000000, 54.00000000000000000 ) ) ;
#1252 = EDGE_CURVE ( 'NONE', #2010, #319, #331, .T. ) ;
#1253 = CARTESIAN_POINT ( 'NONE',  ( -119.3287139208950407, -2.000000000000001776, -54.00000000000000000 ) ) ;
#1254 = ORIENTED_EDGE ( 'NONE', *, *, #2210, .T. ) ;
#1255 = EDGE_CURVE ( 'NONE', #312, #1214, #2883, .T. ) ;
#1256 = ADVANCED_FACE ( 'NONE', ( #2779 ), #1305, .F. ) ;
#1257 = CARTESIAN_POINT ( 'NONE',  ( -40.00000000000000711, 9.999999999999994671, -59.50000000000000000 ) ) ;
#1258 = ORIENTED_EDGE ( 'NONE', *, *, #425, .F. ) ;
#1259 = AXIS2_PLACEMENT_3D ( 'NONE', #1734, #1750, #965 ) ;
#1260 = CARTESIAN_POINT ( 'NONE',  ( -149.0595735200051877, 0.000000000000000000, 34.00000000000000711 ) ) ;
#1261 = ORIENTED_EDGE ( 'NONE', *, *, #167, .T. ) ;
#1262 = PLANE ( 'NONE',  #614 ) ;
#1263 = VERTEX_POINT ( 'NONE', #2276 ) ;
#1264 = STYLED_ITEM ( 'NONE', ( #2546 ), #1195 ) ;
#1265 = CARTESIAN_POINT ( 'NONE',  ( 39.77379859995582478, 1.151776037474042212E-16, -55.96680231594763910 ) ) ;
#1266 = VECTOR ( 'NONE', #600, 1000.000000000000000 ) ;
#1267 = DIRECTION ( 'NONE',  ( 0.000000000000000000, -0.000000000000000000, -1.000000000000000000 ) ) ;
#1268 = CARTESIAN_POINT ( 'NONE',  ( 48.99999999999998579, 9.999999999999994671, -65.00000000000000000 ) ) ;
#1269 = VECTOR ( 'NONE', #222, 1000.000000000000000 ) ;
#1270 = VECTOR ( 'NONE', #3110, 1000.000000000000000 ) ;
#1271 = LINE ( 'NONE', #310, #2827 ) ;
#1272 = ORIENTED_EDGE ( 'NONE', *, *, #1021, .T. ) ;
#1273 = AXIS2_PLACEMENT_3D ( 'NONE', #824, #1094, #1800 ) ;
#1274 = ORIENTED_EDGE ( 'NONE', *, *, #306, .F. ) ;
#1275 = EDGE_CURVE ( 'NONE', #583, #1048, #1161, .T. ) ;
#1276 = DIRECTION ( 'NONE',  ( -0.4596467059976211966, -0.8881018554566453282, 0.000000000000000000 ) ) ;
#1277 = ORIENTED_EDGE ( 'NONE', *, *, #2017, .T. ) ;
#1278 = CARTESIAN_POINT ( 'NONE',  ( -147.7856265546660381, -1.912224048051553549, 38.90769125431535258 ) ) ;
#1279 = EDGE_LOOP ( 'NONE', ( #2463, #2214, #300, #2691 ) ) ;
#1280 = FACE_BOUND ( 'NONE', #786, .T. ) ;
#1281 = CARTESIAN_POINT ( 'NONE',  ( -40.31108863444742241, -2.000000000000000000, 54.00000000000000000 ) ) ;
#1282 = DIRECTION ( 'NONE',  ( 0.000000000000000000, -1.000000000000000000, 0.000000000000000000 ) ) ;
#1283 = CYLINDRICAL_SURFACE ( 'NONE', #1051, 8.999999999999994671 ) ;
#1284 = CARTESIAN_POINT ( 'NONE',  ( -120.5839594680385432, -2.000000000000002665, -54.00000000000000000 ) ) ;
#1285 = CARTESIAN_POINT ( 'NONE',  ( -149.0595735200051877, -0.8121060764433787327, 54.00000000000000000 ) ) ;
#1286 = ORIENTED_EDGE ( 'NONE', *, *, #1959, .T. ) ;
#1287 = ORIENTED_EDGE ( 'NONE', *, *, #235, .T. ) ;
#1288 = FACE_OUTER_BOUND ( 'NONE', #2212, .T. ) ;
#1289 = ORIENTED_EDGE ( 'NONE', *, *, #1834, .F. ) ;
#1290 = EDGE_CURVE ( 'NONE', #566, #29, #1545, .T. ) ;
#1291 = CARTESIAN_POINT ( 'NONE',  ( 40.00000000000000711, 9.999999999999994671, 65.00000000000000000 ) ) ;
#1292 = EDGE_LOOP ( 'NONE', ( #352, #2424, #459, #1467 ) ) ;
#1293 = ORIENTED_EDGE ( 'NONE', *, *, #1913, .F. ) ;
#1294 = CARTESIAN_POINT ( 'NONE',  ( 39.99999999999999289, -2.602085213965210642E-15, -65.00000000000000000 ) ) ;
#1295 = LINE ( 'NONE', #1331, #2723 ) ;
#1296 = EDGE_CURVE ( 'NONE', #691, #46, #2275, .T. ) ;
#1297 = CARTESIAN_POINT ( 'NONE',  ( -40.00000000000000711, -2.602085213965210642E-15, -74.02500000000000568 ) ) ;
#1298 = FACE_OUTER_BOUND ( 'NONE', #2123, .T. ) ;
#1299 = EDGE_CURVE ( 'NONE', #127, #2817, #1669, .T. ) ;
#1300 = DIRECTION ( 'NONE',  ( 0.000000000000000000, 0.000000000000000000, -1.000000000000000000 ) ) ;
#1301 = CARTESIAN_POINT ( 'NONE',  ( -39.77382469963940537, 1.151843577404620695E-16, -55.96680036924168178 ) ) ;
#1302 = ORIENTED_EDGE ( 'NONE', *, *, #497, .F. ) ;
#1303 = EDGE_LOOP ( 'NONE', ( #2504, #1127, #1786, #345, #69 ) ) ;
#1304 = VECTOR ( 'NONE', #2134, 1000.000000000000000 ) ;
#1305 = PLANE ( 'NONE',  #1880 ) ;
#1306 = ORIENTED_EDGE ( 'NONE', *, *, #2975, .T. ) ;
#1307 = CIRCLE ( 'NONE', #1155, 5.500000000000005329 ) ;
#1308 = CARTESIAN_POINT ( 'NONE',  ( -119.3287139208950407, 0.000000000000000000, -56.00000000000000711 ) ) ;
#1309 = ORIENTED_EDGE ( 'NONE', *, *, #379, .F. ) ;
#1310 = ORIENTED_EDGE ( 'NONE', *, *, #2689, .F. ) ;
#1311 = CARTESIAN_POINT ( 'NONE',  ( 149.9999999999999432, -1.301042606982605321E-15, 54.82842712474622004 ) ) ;
#1312 = AXIS2_PLACEMENT_3D ( 'NONE', #2081, #339, #821 ) ;
#1313 = CARTESIAN_POINT ( 'NONE',  ( 38.00000000000000711, -141.0000000000000000, -54.00000000000000000 ) ) ;
#1314 = FACE_OUTER_BOUND ( 'NONE', #1556, .T. ) ;
#1315 = CARTESIAN_POINT ( 'NONE',  ( 120.6712860791047603, 0.000000000000000000, 56.00000000000000711 ) ) ;
#1316 = AXIS2_PLACEMENT_3D ( 'NONE', #220, #989, #268 ) ;
#1317 = EDGE_CURVE ( 'NONE', #1666, #2736, #641, .T. ) ;
#1318 = AXIS2_PLACEMENT_3D ( 'NONE', #2791, #1830, #2284 ) ;
#1319 = CARTESIAN_POINT ( 'NONE',  ( -120.0000000000000000, 0.000000000000000000, 65.00000000000000000 ) ) ;
#1320 = VERTEX_POINT ( 'NONE', #2072 ) ;
#1321 = AXIS2_PLACEMENT_3D ( 'NONE', #1107, #163, #1364 ) ;
#1322 = AXIS2_PLACEMENT_3D ( 'NONE', #1400, #1856, #2781 ) ;
#1323 = CARTESIAN_POINT ( 'NONE',  ( 120.0000000000000142, 9.999999999999994671, 74.00000000000000000 ) ) ;
#1324 = CIRCLE ( 'NONE', #1937, 9.025000000000005684 ) ;
#1325 = DIRECTION ( 'NONE',  ( 0.000000000000000000, 0.000000000000000000, -1.000000000000000000 ) ) ;
#1326 = ORIENTED_EDGE ( 'NONE', *, *, #695, .T. ) ;
#1327 = CARTESIAN_POINT ( 'NONE',  ( -120.0000000000000000, 9.999999999999994671, 70.50000000000000000 ) ) ;
#1328 = VERTEX_POINT ( 'NONE', #1886 ) ;
#1329 = ORIENTED_EDGE ( 'NONE', *, *, #2901, .T. ) ;
#1330 = CARTESIAN_POINT ( 'NONE',  ( -39.32871392089515439, 6.938893903907221278E-15, 54.00000000000000000 ) ) ;
#1331 = CARTESIAN_POINT ( 'NONE',  ( -40.00000000000000711, 0.000000000000000000, -56.00000000000000711 ) ) ;
#1332 = DIRECTION ( 'NONE',  ( -0.000000000000000000, -1.000000000000000000, -0.000000000000000000 ) ) ;
#1333 = CARTESIAN_POINT ( 'NONE',  ( -119.3287139208950549, -2.602085213965210642E-15, 56.00000000000000000 ) ) ;
#1334 = EDGE_CURVE ( 'NONE', #2010, #2020, #3077, .T. ) ;
#1335 = CARTESIAN_POINT ( 'NONE',  ( -120.0000000000000000, 9.999999999999994671, -65.00000000000000000 ) ) ;
#1336 = ORIENTED_EDGE ( 'NONE', *, *, #787, .F. ) ;
#1337 = CARTESIAN_POINT ( 'NONE',  ( -120.0000000000000000, 0.02499999999999464456, 65.00000000000000000 ) ) ;
#1338 = ORIENTED_EDGE ( 'NONE', *, *, #1980, .T. ) ;
#1339 = ADVANCED_FACE ( 'NONE', ( #881 ), #381, .F. ) ;
#1340 = CARTESIAN_POINT ( 'NONE',  ( -39.99999999999999289, -2.602085213965210642E-15, 74.02500000000000568 ) ) ;
#1341 = ORIENTED_EDGE ( 'NONE', *, *, #442, .F. ) ;
#1342 = ORIENTED_EDGE ( 'NONE', *, *, #2515, .T. ) ;
#1343 = DIRECTION ( 'NONE',  ( -0.000000000000000000, -1.000000000000000000, -0.000000000000000000 ) ) ;
#1344 = FACE_OUTER_BOUND ( 'NONE', #2233, .T. ) ;
#1345 = ORIENTED_EDGE ( 'NONE', *, *, #2245, .F. ) ;
#1346 = CARTESIAN_POINT ( 'NONE',  ( -40.00000000000000711, 9.999999999999994671, -56.00000000000000711 ) ) ;
#1347 = CARTESIAN_POINT ( 'NONE',  ( 119.3287139208952823, 6.938893903907221278E-15, 54.00000000000000000 ) ) ;
#1348 = DIRECTION ( 'NONE',  ( 0.000000000000000000, 0.000000000000000000, -1.000000000000000000 ) ) ;
#1349 = ORIENTED_EDGE ( 'NONE', *, *, #2017, .F. ) ;
#1350 = ADVANCED_FACE ( 'NONE', ( #1399 ), #1717, .F. ) ;
#1351 = CARTESIAN_POINT ( 'NONE',  ( -39.32871392089515439, -2.000000000000000000, 56.00000000000000000 ) ) ;
#1352 = ADVANCED_FACE ( 'NONE', ( #1098 ), #2120, .T. ) ;
#1353 = ADVANCED_FACE ( 'NONE', ( #169 ), #183, .F. ) ;
#1354 = CARTESIAN_POINT ( 'NONE',  ( -150.0000000000000000, 0.000000000000000000, 54.00000000000000000 ) ) ;
#1355 = ORIENTED_EDGE ( 'NONE', *, *, #773, .T. ) ;
#1356 = FACE_OUTER_BOUND ( 'NONE', #2280, .T. ) ;
#1357 = ORIENTED_EDGE ( 'NONE', *, *, #3073, .F. ) ;
#1358 = CIRCLE ( 'NONE', #903, 5.500000000000005329 ) ;
#1359 = ORIENTED_EDGE ( 'NONE', *, *, #396, .F. ) ;
#1360 =( LENGTH_UNIT ( ) NAMED_UNIT ( * ) SI_UNIT ( .MILLI., .METRE. ) );
#1361 = CIRCLE ( 'NONE', #2173, 2.000000000000001776 ) ;
#1362 = LINE ( 'NONE', #405, #138 ) ;
#1363 = VERTEX_POINT ( 'NONE', #155 ) ;
#1364 = DIRECTION ( 'NONE',  ( 0.000000000000000000, 0.000000000000000000, -1.000000000000000000 ) ) ;
#1365 = CARTESIAN_POINT ( 'NONE',  ( -119.3287139208950549, -2.602085213965210642E-15, -56.00000000000000000 ) ) ;
#1366 = VECTOR ( 'NONE', #2761, 1000.000000000000000 ) ;
#1367 = CARTESIAN_POINT ( 'NONE',  ( 0.000000000000000000, -0.000000000000000000, -56.00000000000000000 ) ) ;
#1368 = CIRCLE ( 'NONE', #3083, 11.99999999999999645 ) ;
#1369 = CONICAL_SURFACE ( 'NONE', #1981, 9.025000000000005684, 0.7853981633974482790 ) ;
#1370 = CYLINDRICAL_SURFACE ( 'NONE', #132, 2.000000000000001776 ) ;
#1371 = AXIS2_PLACEMENT_3D ( 'NONE', #2911, #2454, #1185 ) ;
#1372 = CARTESIAN_POINT ( 'NONE',  ( 120.2300001999539205, -0.03291433799894526169, -54.00000000000770939 ) ) ;
#1373 = CARTESIAN_POINT ( 'NONE',  ( -120.0000000000000000, 0.000000000000000000, -70.50000000000000000 ) ) ;
#1374 = ORIENTED_EDGE ( 'NONE', *, *, #982, .F. ) ;
#1375 = EDGE_CURVE ( 'NONE', #1739, #1507, #1927, .T. ) ;
#1376 = CIRCLE ( 'NONE', #96, 9.025000000000005684 ) ;
#1377 = ORIENTED_EDGE ( 'NONE', *, *, #2099, .F. ) ;
#1378 = DIRECTION ( 'NONE',  ( 1.000000000000000000, 0.000000000000000000, 0.000000000000000000 ) ) ;
#1379 = CIRCLE ( 'NONE', #1889, 5.500000000000005329 ) ;
#1380 = DIRECTION ( 'NONE',  ( -0.000000000000000000, -1.000000000000000000, -0.000000000000000000 ) ) ;
#1381 = ORIENTED_EDGE ( 'NONE', *, *, #2865, .T. ) ;
#1382 = DIRECTION ( 'NONE',  ( 0.000000000000000000, 0.000000000000000000, -1.000000000000000000 ) ) ;
#1383 = DIRECTION ( 'NONE',  ( -0.000000000000000000, -1.000000000000000000, -0.000000000000000000 ) ) ;
#1384 = CARTESIAN_POINT ( 'NONE',  ( 50.00000000000000000, -141.0000000000000000, -40.00000000000000000 ) ) ;
#1385 = LINE ( 'NONE', #2307, #1458 ) ;
#1386 = CARTESIAN_POINT ( 'NONE',  ( 34.31401294700756921, -159.1645206425424419, 54.00000000000000000 ) ) ;
#1387 = FACE_BOUND ( 'NONE', #1630, .T. ) ;
#1388 = ORIENTED_EDGE ( 'NONE', *, *, #923, .F. ) ;
#1389 = ORIENTED_EDGE ( 'NONE', *, *, #1375, .T. ) ;
#1390 = EDGE_CURVE ( 'NONE', #1186, #730, #2857, .T. ) ;
#1391 = CARTESIAN_POINT ( 'NONE',  ( -120.0000000000000000, 0.000000000000000000, 70.50000000000000000 ) ) ;
#1392 = ORIENTED_EDGE ( 'NONE', *, *, #1449, .F. ) ;
#1393 = DIRECTION ( 'NONE',  ( 0.000000000000000000, -0.000000000000000000, 1.000000000000000000 ) ) ;
#1394 = CARTESIAN_POINT ( 'NONE',  ( -120.0000000000000000, 9.999999999999994671, -56.00000000000000711 ) ) ;
#1395 = EDGE_CURVE ( 'NONE', #1263, #724, #2282, .T. ) ;
#1396 = LINE ( 'NONE', #1367, #412 ) ;
#1397 = EDGE_CURVE ( 'NONE', #2359, #969, #3088, .T. ) ;
#1398 = DIRECTION ( 'NONE',  ( 1.000000000000000000, -0.000000000000000000, 0.000000000000000000 ) ) ;
#1399 = FACE_OUTER_BOUND ( 'NONE', #1996, .T. ) ;
#1400 = CARTESIAN_POINT ( 'NONE',  ( 39.99999999999999289, 0.02499999999999464456, -65.00000000000000000 ) ) ;
#1401 = ORIENTED_EDGE ( 'NONE', *, *, #1109, .T. ) ;
#1402 = ORIENTED_EDGE ( 'NONE', *, *, #1813, .F. ) ;
#1403 = DIRECTION ( 'NONE',  ( -0.000000000000000000, -1.000000000000000000, -0.000000000000000000 ) ) ;
#1404 = ORIENTED_EDGE ( 'NONE', *, *, #2352, .T. ) ;
#1405 = DIRECTION ( 'NONE',  ( 0.000000000000000000, 0.000000000000000000, -1.000000000000000000 ) ) ;
#1406 = CYLINDRICAL_SURFACE ( 'NONE', #1565, 11.99999999999999645 ) ;
#1407 = CIRCLE ( 'NONE', #698, 2.000000000000000000 ) ;
#1408 = DIRECTION ( 'NONE',  ( -1.000000000000000000, -1.084202172485504557E-16, 0.000000000000000000 ) ) ;
#1409 = EDGE_CURVE ( 'NONE', #335, #1674, #242, .T. ) ;
#1410 = VERTEX_POINT ( 'NONE', #1386 ) ;
#1411 = CIRCLE ( 'NONE', #1925, 11.99999999999999645 ) ;
#1412 = CARTESIAN_POINT ( 'NONE',  ( 39.32871392089515439, -2.000000000000001776, 54.00000000000000000 ) ) ;
#1413 = EDGE_CURVE ( 'NONE', #1888, #3014, #2136, .T. ) ;
#1414 = AXIS2_PLACEMENT_3D ( 'NONE', #829, #2731, #562 ) ;
#1415 = AXIS2_PLACEMENT_3D ( 'NONE', #1480, #1190, #2182 ) ;
#1416 = CARTESIAN_POINT ( 'NONE',  ( 120.4093062531116090, -1.999938396206186964, 54.00000000000000000 ) ) ;
#1417 = VERTEX_POINT ( 'NONE', #3098 ) ;
#1418 = VERTEX_POINT ( 'NONE', #465 ) ;
#1419 = CARTESIAN_POINT ( 'NONE',  ( 120.0000000000000000, 0.000000000000000000, -65.00000000000000000 ) ) ;
#1420 = VERTEX_POINT ( 'NONE', #1910 ) ;
#1421 = AXIS2_PLACEMENT_3D ( 'NONE', #2683, #2652, #479 ) ;
#1422 = CARTESIAN_POINT ( 'NONE',  ( -40.58395946803845789, -2.000000000000002665, -54.00000000000000000 ) ) ;
#1423 = LINE ( 'NONE', #1616, #653 ) ;
#1424 = ORIENTED_EDGE ( 'NONE', *, *, #497, .T. ) ;
#1425 = VECTOR ( 'NONE', #1814, 1000.000000000000000 ) ;
#1426 = CIRCLE ( 'NONE', #1477, 9.025000000000005684 ) ;
#1427 = DIRECTION ( 'NONE',  ( 0.000000000000000000, 1.000000000000000000, 0.000000000000000000 ) ) ;
#1428 = ORIENTED_EDGE ( 'NONE', *, *, #1686, .T. ) ;
#1429 = EDGE_CURVE ( 'NONE', #2020, #2986, #2148, .T. ) ;
#1430 = DIRECTION ( 'NONE',  ( 0.000000000000000000, 0.000000000000000000, -1.000000000000000000 ) ) ;
#1431 = FACE_OUTER_BOUND ( 'NONE', #2512, .T. ) ;
#1432 = FACE_BOUND ( 'NONE', #2408, .T. ) ;
#1433 = VERTEX_POINT ( 'NONE', #2651 ) ;
#1434 = EDGE_CURVE ( 'NONE', #1417, #3100, #734, .T. ) ;
#1435 = DIRECTION ( 'NONE',  ( 0.000000000000000000, -0.000000000000000000, 1.000000000000000000 ) ) ;
#1436 = VERTEX_POINT ( 'NONE', #748 ) ;
#1437 = DIRECTION ( 'NONE',  ( -0.000000000000000000, -1.000000000000000000, -0.000000000000000000 ) ) ;
#1438 = VERTEX_POINT ( 'NONE', #2939 ) ;
#1439 = CARTESIAN_POINT ( 'NONE',  ( 39.32871392089515439, 6.938893903907221278E-15, -54.00000000000000000 ) ) ;
#1440 = DIRECTION ( 'NONE',  ( -0.000000000000000000, -1.000000000000000000, -0.000000000000000000 ) ) ;
#1441 = CYLINDRICAL_SURFACE ( 'NONE', #2272, 5.500000000000005329 ) ;
#1442 = DIRECTION ( 'NONE',  ( -0.000000000000000000, -1.000000000000000000, -0.000000000000000000 ) ) ;
#1443 = CARTESIAN_POINT ( 'NONE',  ( 39.99999999999999289, -2.602085213965210642E-15, -65.00000000000000000 ) ) ;
#1444 = EDGE_CURVE ( 'NONE', #730, #1993, #951, .T. ) ;
#1445 = DIRECTION ( 'NONE',  ( -0.000000000000000000, -1.000000000000000000, -0.000000000000000000 ) ) ;
#1446 = CARTESIAN_POINT ( 'NONE',  ( 0.000000000000000000, -2.000000000000000000, -56.00000000000000000 ) ) ;
#1447 = ORIENTED_EDGE ( 'NONE', *, *, #2077, .T. ) ;
#1448 = EDGE_CURVE ( 'NONE', #597, #1765, #709, .T. ) ;
#1449 = EDGE_CURVE ( 'NONE', #221, #1497, #2481, .T. ) ;
#1450 = DIRECTION ( 'NONE',  ( 0.000000000000000000, 0.000000000000000000, -1.000000000000000000 ) ) ;
#1451 = ORIENTED_EDGE ( 'NONE', *, *, #2209, .T. ) ;
#1452 = DIRECTION ( 'NONE',  ( 0.000000000000000000, 0.000000000000000000, -1.000000000000000000 ) ) ;
#1453 = EDGE_LOOP ( 'NONE', ( #1086, #2040 ) ) ;
#1454 = DIRECTION ( 'NONE',  ( 0.000000000000000000, 0.000000000000000000, -1.000000000000000000 ) ) ;
#1455 = CARTESIAN_POINT ( 'NONE',  ( 148.9648784017881269, -1.999999999999946265, -54.00000000000000000 ) ) ;
#1456 = FACE_OUTER_BOUND ( 'NONE', #1722, .T. ) ;
#1457 = CARTESIAN_POINT ( 'NONE',  ( -40.00000000000000711, 14.00000000000000000, -70.50000000000000000 ) ) ;
#1458 = VECTOR ( 'NONE', #3060, 1000.000000000000000 ) ;
#1459 = AXIS2_PLACEMENT_3D ( 'NONE', #2242, #793, #552 ) ;
#1460 = CARTESIAN_POINT ( 'NONE',  ( -120.0000000000000000, -2.602085213965210642E-15, 74.02500000000000568 ) ) ;
#1461 = VECTOR ( 'NONE', #1644, 1000.000000000000000 ) ;
#1462 = DIRECTION ( 'NONE',  ( -0.000000000000000000, -1.000000000000000000, -0.000000000000000000 ) ) ;
#1463 = CIRCLE ( 'NONE', #606, 8.999999999999994671 ) ;
#1464 = FACE_OUTER_BOUND ( 'NONE', #2603, .T. ) ;
#1465 = CIRCLE ( 'NONE', #2681, 8.999999999999994671 ) ;
#1466 = PLANE ( 'NONE',  #1210 ) ;
#1467 = ORIENTED_EDGE ( 'NONE', *, *, #1647, .F. ) ;
#1468 = ADVANCED_FACE ( 'NONE', ( #701 ), #1833, .F. ) ;
#1469 = CYLINDRICAL_SURFACE ( 'NONE', #1931, 5.500000000000005329 ) ;
#1470 = CIRCLE ( 'NONE', #505, 5.500000000000005329 ) ;
#1471 = VERTEX_POINT ( 'NONE', #936 ) ;
#1472 = VECTOR ( 'NONE', #2405, 999.9999999999998863 ) ;
#1473 = DIRECTION ( 'NONE',  ( -0.000000000000000000, -1.000000000000000000, -0.000000000000000000 ) ) ;
#1474 = DIRECTION ( 'NONE',  ( 1.522074307058031767E-16, -1.000000000000000000, 0.000000000000000000 ) ) ;
#1475 = CARTESIAN_POINT ( 'NONE',  ( 62.00000000000000000, -141.0000000000000000, 54.00000000000000000 ) ) ;
#1476 = AXIS2_PLACEMENT_3D ( 'NONE', #1881, #2823, #652 ) ;
#1477 = AXIS2_PLACEMENT_3D ( 'NONE', #2551, #1873, #1075 ) ;
#1478 = CARTESIAN_POINT ( 'NONE',  ( -120.0000000000000000, 0.02499999999999464456, 56.00000000000000711 ) ) ;
#1479 = ORIENTED_EDGE ( 'NONE', *, *, #2381, .T. ) ;
#1480 = CARTESIAN_POINT ( 'NONE',  ( 39.99999999999999289, 0.000000000000000000, -65.00000000000000000 ) ) ;
#1481 = DIRECTION ( 'NONE',  ( -0.000000000000000000, 0.000000000000000000, 1.000000000000000000 ) ) ;
#1482 = EDGE_LOOP ( 'NONE', ( #818, #1091, #430, #2469, #1345 ) ) ;
#1483 = DIRECTION ( 'NONE',  ( 1.000000000000000000, 0.000000000000000000, 0.000000000000000000 ) ) ;
#1484 = ORIENTED_EDGE ( 'NONE', *, *, #2865, .F. ) ;
#1485 = DIRECTION ( 'NONE',  ( -0.000000000000000000, -1.000000000000000000, -0.000000000000000000 ) ) ;
#1486 = ORIENTED_EDGE ( 'NONE', *, *, #1290, .T. ) ;
#1487 = ADVANCED_FACE ( 'NONE', ( #1431 ), #2404, .F. ) ;
#1488 = CARTESIAN_POINT ( 'NONE',  ( 150.0000000000000000, 14.00000000000000000, -75.00000000000000000 ) ) ;
#1489 = CARTESIAN_POINT ( 'NONE',  ( 120.0000000000000000, -2.602085213965210642E-15, -74.02500000000000568 ) ) ;
#1490 = CARTESIAN_POINT ( 'NONE',  ( 39.50336714133707261, -1.999969536130424164, -54.00000000000000000 ) ) ;
#1491 = EDGE_CURVE ( 'NONE', #269, #2498, #215, .T. ) ;
#1492 = ORIENTED_EDGE ( 'NONE', *, *, #2747, .T. ) ;
#1493 =( BOUNDED_SURFACE ( )  B_SPLINE_SURFACE ( 3, 2, ( 
 ( #834, #869, #1564 ),
 ( #1859, #2063, #1846 ),
 ( #2768, #848, #357 ),
 ( #1825, #1330, #2785 ) ),
 .UNSPECIFIED., .F., .F., .F. ) 
 B_SPLINE_SURFACE_WITH_KNOTS ( ( 4, 4 ),
 ( 3, 3 ),
 ( 0.006593514117990591228, 0.007951212332966516375 ),
 ( 0.000000000000000000, 1.000000000000000000 ),
 .UNSPECIFIED. ) 
 GEOMETRIC_REPRESENTATION_ITEM ( )  RATIONAL_B_SPLINE_SURFACE ( (
 ( 1.000000000000000000, 0.7071067811865460184, 1.000000000000000000),
 ( 1.000000000000000000, 0.7129803012494316805, 1.000000000000000000),
 ( 1.000000000000000000, 0.7129799938122317604, 1.000000000000000000),
 ( 1.000000000000000000, 0.7071067811865460184, 1.000000000000000000) ) ) 
 REPRESENTATION_ITEM ( '' )  SURFACE ( )  );
#1494 = DIRECTION ( 'NONE',  ( 0.000000000000000000, 0.000000000000000000, -1.000000000000000000 ) ) ;
#1495 = CARTESIAN_POINT ( 'NONE',  ( -119.3287139208950549, -2.000000000000000000, 56.00000000000000000 ) ) ;
#1496 = DIRECTION ( 'NONE',  ( -0.000000000000000000, -1.000000000000000000, -0.000000000000000000 ) ) ;
#1497 = VERTEX_POINT ( 'NONE', #1740 ) ;
#1498 = DIRECTION ( 'NONE',  ( 0.000000000000000000, -1.000000000000000000, 0.000000000000000000 ) ) ;
#1499 = ORIENTED_EDGE ( 'NONE', *, *, #2249, .F. ) ;
#1500 = CARTESIAN_POINT ( 'NONE',  ( 150.0000000000000000, 0.000000000000000000, -75.00000000000000000 ) ) ;
#1501 = DIRECTION ( 'NONE',  ( -0.000000000000000000, -1.000000000000000000, -0.000000000000000000 ) ) ;
#1502 = FACE_BOUND ( 'NONE', #1193, .T. ) ;
#1503 = ADVANCED_FACE ( 'NONE', ( #2890 ), #720, .F. ) ;
#1504 = CARTESIAN_POINT ( 'NONE',  ( 71.31444453095944880, -152.0315209439428656, 54.00000000000000000 ) ) ;
#1505 = ORIENTED_EDGE ( 'NONE', *, *, #2156, .T. ) ;
#1506 = AXIS2_PLACEMENT_3D ( 'NONE', #1577, #120, #2291 ) ;
#1507 = VERTEX_POINT ( 'NONE', #2416 ) ;
#1508 = AXIS2_PLACEMENT_3D ( 'NONE', #2197, #2936, #19 ) ;
#1509 = VECTOR ( 'NONE', #3066, 1000.000000000000000 ) ;
#1510 = CARTESIAN_POINT ( 'NONE',  ( -150.0000000000000000, 14.00000000000000000, 75.00000000000000000 ) ) ;
#1511 = ORIENTED_EDGE ( 'NONE', *, *, #456, .F. ) ;
#1512 = CARTESIAN_POINT ( 'NONE',  ( 120.0000000000000000, 9.999999999999994671, -65.00000000000000000 ) ) ;
#1513 = EDGE_LOOP ( 'NONE', ( #1757, #1544, #1958, #1451, #2371 ) ) ;
#1514 = DIRECTION ( 'NONE',  ( -1.000000000000000000, 0.000000000000000000, 0.000000000000000000 ) ) ;
#1515 = AXIS2_PLACEMENT_3D ( 'NONE', #3146, #45, #737 ) ;
#1516 = CARTESIAN_POINT ( 'NONE',  ( 120.0000000000000000, 9.999999999999994671, -74.00000000000001421 ) ) ;
#1517 = AXIS2_PLACEMENT_3D ( 'NONE', #2536, #1332, #308 ) ;
#1518 = CARTESIAN_POINT ( 'NONE',  ( 119.3287139208950549, -2.602085213965210642E-15, -56.00000000000000000 ) ) ;
#1519 = DIRECTION ( 'NONE',  ( 0.000000000000000000, 0.000000000000000000, -1.000000000000000000 ) ) ;
#1520 = AXIS2_PLACEMENT_3D ( 'NONE', #2720, #2507, #548 ) ;
#1521 = AXIS2_PLACEMENT_3D ( 'NONE', #1749, #2884, #2207 ) ;
#1522 = DIRECTION ( 'NONE',  ( -1.000000000000000000, -1.626303258728256651E-16, 0.000000000000000000 ) ) ;
#1523 = CARTESIAN_POINT ( 'NONE',  ( -40.00000000000000711, 14.00000000000000000, -65.00000000000000000 ) ) ;
#1524 = ORIENTED_EDGE ( 'NONE', *, *, #160, .T. ) ;
#1525 = EDGE_CURVE ( 'NONE', #1438, #2565, #3036, .T. ) ;
#1526 = AXIS2_PLACEMENT_3D ( 'NONE', #979, #2412, #532 ) ;
#1527 = EDGE_LOOP ( 'NONE', ( #1986, #2746, #626, #3039, #2046 ) ) ;
#1528 = VECTOR ( 'NONE', #1055, 1000.000000000000000 ) ;
#1529 = EDGE_CURVE ( 'NONE', #825, #1008, #1209, .T. ) ;
#1530 = CARTESIAN_POINT ( 'NONE',  ( -40.00000000000000711, -2.602085213965210642E-15, -65.00000000000000000 ) ) ;
#1531 = EDGE_LOOP ( 'NONE', ( #2131, #2271, #2310, #1089, #2712 ) ) ;
#1532 = DIRECTION ( 'NONE',  ( -0.000000000000000000, -1.000000000000000000, -0.000000000000000000 ) ) ;
#1533 = EDGE_LOOP ( 'NONE', ( #1035, #1389 ) ) ;
#1534 = ORIENTED_EDGE ( 'NONE', *, *, #2292, .T. ) ;
#1535 = DIRECTION ( 'NONE',  ( 0.000000000000000000, 0.000000000000000000, -1.000000000000000000 ) ) ;
#1536 = EDGE_CURVE ( 'NONE', #1106, #1147, #2488, .T. ) ;
#1537 = DIRECTION ( 'NONE',  ( -0.000000000000000000, -1.000000000000000000, -0.000000000000000000 ) ) ;
#1538 = CARTESIAN_POINT ( 'NONE',  ( 39.99999999999999289, 9.999999999999994671, -70.50000000000000000 ) ) ;
#1539 = CARTESIAN_POINT ( 'NONE',  ( 39.99999999999999289, 0.000000000000000000, -65.00000000000000000 ) ) ;
#1540 = APPLICATION_CONTEXT ( 'automotive_design' ) ;
#1541 = FACE_OUTER_BOUND ( 'NONE', #377, .T. ) ;
#1542 = CARTESIAN_POINT ( 'NONE',  ( -39.76999980004648449, -0.03291433799850865261, -54.00000000000770939 ) ) ;
#1543 = EDGE_LOOP ( 'NONE', ( #2061, #1254, #2480, #584 ) ) ;
#1544 = ORIENTED_EDGE ( 'NONE', *, *, #18, .F. ) ;
#1545 = LINE ( 'NONE', #2748, #499 ) ;
#1546 = VERTEX_POINT ( 'NONE', #1228 ) ;
#1547 = DIRECTION ( 'NONE',  ( 0.000000000000000000, -0.000000000000000000, 1.000000000000000000 ) ) ;
#1548 = EDGE_CURVE ( 'NONE', #688, #2928, #294, .T. ) ;
#1549 = ORIENTED_EDGE ( 'NONE', *, *, #2855, .F. ) ;
#1550 = ADVANCED_FACE ( 'NONE', ( #250 ), #805, .F. ) ;
#1551 = ORIENTED_EDGE ( 'NONE', *, *, #1413, .T. ) ;
#1552 = CARTESIAN_POINT ( 'NONE',  ( 71.31444453095944880, -152.0315209439428656, -40.00000000000000000 ) ) ;
#1553 = DIRECTION ( 'NONE',  ( -0.000000000000000000, -1.000000000000000000, -0.000000000000000000 ) ) ;
#1554 = CARTESIAN_POINT ( 'NONE',  ( 120.2300258936607804, -0.03291242157510548827, 54.00000000000770228 ) ) ;
#1555 = CARTESIAN_POINT ( 'NONE',  ( -150.0000000000000000, 14.00000000000000000, -75.00000000000000000 ) ) ;
#1556 = EDGE_LOOP ( 'NONE', ( #900, #448, #1580, #1102 ) ) ;
#1557 = CYLINDRICAL_SURFACE ( 'NONE', #2670, 5.500000000000005329 ) ;
#1558 = VECTOR ( 'NONE', #2999, 1000.000000000000000 ) ;
#1559 = EDGE_LOOP ( 'NONE', ( #593, #328, #1815, #2960, #2279, #2161, #1095, #1261, #2376, #2244, #943, #1310 ) ) ;
#1560 = AXIS2_PLACEMENT_3D ( 'NONE', #790, #2721, #2428 ) ;
#1561 = CARTESIAN_POINT ( 'NONE',  ( -39.99999999999999289, -2.602085213965210642E-15, 65.00000000000000000 ) ) ;
#1562 = ORIENTED_EDGE ( 'NONE', *, *, #1769, .F. ) ;
#1563 = EDGE_LOOP ( 'NONE', ( #1872, #2396, #678, #2297 ) ) ;
#1564 = CARTESIAN_POINT ( 'NONE',  ( -40.67128607910483140, -2.000000000000001776, 54.00000000000000000 ) ) ;
#1565 = AXIS2_PLACEMENT_3D ( 'NONE', #2128, #1895, #636 ) ;
#1566 = EDGE_CURVE ( 'NONE', #724, #1263, #2432, .T. ) ;
#1567 = CARTESIAN_POINT ( 'NONE',  ( 40.00000000000000711, 9.999999999999994671, 65.00000000000000000 ) ) ;
#1568 = FACE_OUTER_BOUND ( 'NONE', #12, .T. ) ;
#1569 = DIRECTION ( 'NONE',  ( -0.000000000000000000, -1.000000000000000000, -0.000000000000000000 ) ) ;
#1570 =( GEOMETRIC_REPRESENTATION_CONTEXT ( 3 ) GLOBAL_UNCERTAINTY_ASSIGNED_CONTEXT ( ( #145 ) ) GLOBAL_UNIT_ASSIGNED_CONTEXT ( ( #2309, #70, #3000 ) ) REPRESENTATION_CONTEXT ( 'NONE', 'WORKASPACE' ) );
#1571 = AXIS2_PLACEMENT_3D ( 'NONE', #2682, #3143, #2434 ) ;
#1572 = FACE_OUTER_BOUND ( 'NONE', #1543, .T. ) ;
#1573 = ORIENTED_EDGE ( 'NONE', *, *, #1084, .T. ) ;
#1574 = CIRCLE ( 'NONE', #1371, 2.000000000000000000 ) ;
#1575 = ADVANCED_FACE ( 'NONE', ( #40 ), #2228, .F. ) ;
#1576 = VECTOR ( 'NONE', #2450, 1000.000000000000000 ) ;
#1577 = CARTESIAN_POINT ( 'NONE',  ( -39.99999999999999289, 0.000000000000000000, 65.00000000000000000 ) ) ;
#1578 = CIRCLE ( 'NONE', #2640, 5.500000000000018652 ) ;
#1579 = DIRECTION ( 'NONE',  ( -1.000000000000000000, 0.000000000000000000, 0.000000000000000000 ) ) ;
#1580 = ORIENTED_EDGE ( 'NONE', *, *, #2170, .T. ) ;
#1581 = LINE ( 'NONE', #2370, #1625 ) ;
#1582 = VERTEX_POINT ( 'NONE', #1257 ) ;
#1583 = EDGE_LOOP ( 'NONE', ( #1392, #1933, #1756, #2751, #2440 ) ) ;
#1584 = CARTESIAN_POINT ( 'NONE',  ( 39.99999999999999289, 9.999999999999994671, -59.50000000000000000 ) ) ;
#1585 = ORIENTED_EDGE ( 'NONE', *, *, #846, .F. ) ;
#1586 = DIRECTION ( 'NONE',  ( 0.000000000000000000, 0.000000000000000000, 1.000000000000000000 ) ) ;
#1587 = CARTESIAN_POINT ( 'NONE',  ( 119.5033671413376624, -1.999969536130424164, -54.00000000000000000 ) ) ;
#1588 = ADVANCED_FACE ( 'NONE', ( #788 ), #1759, .F. ) ;
#1589 = PLANE ( 'NONE',  #1839 ) ;
#1590 = ORIENTED_EDGE ( 'NONE', *, *, #594, .F. ) ;
#1591 = EDGE_CURVE ( 'NONE', #954, #1634, #776, .T. ) ;
#1592 = CARTESIAN_POINT ( 'NONE',  ( 34.31401294700756921, -159.1645206425424419, 54.00000000000000000 ) ) ;
#1593 = ADVANCED_FACE ( 'NONE', ( #2238 ), #83, .F. ) ;
#1594 = CARTESIAN_POINT ( 'NONE',  ( 39.68891136555258470, -2.000000000000000000, 54.00000000000000000 ) ) ;
#1595 = ORIENTED_EDGE ( 'NONE', *, *, #751, .T. ) ;
#1596 = PLANE ( 'NONE',  #2889 ) ;
#1597 = VERTEX_POINT ( 'NONE', #224 ) ;
#1598 = ORIENTED_EDGE ( 'NONE', *, *, #1525, .F. ) ;
#1599 = CARTESIAN_POINT ( 'NONE',  ( -150.0000000000000000, 14.00000000000000000, 75.00000000000000000 ) ) ;
#1600 = FACE_OUTER_BOUND ( 'NONE', #1559, .T. ) ;
#1601 = ORIENTED_EDGE ( 'NONE', *, *, #219, .T. ) ;
#1602 = LINE ( 'NONE', #191, #39 ) ;
#1603 = DIRECTION ( 'NONE',  ( -0.000000000000000000, -1.000000000000000000, -0.000000000000000000 ) ) ;
#1604 = CARTESIAN_POINT ( 'NONE',  ( -40.67128607910484561, -2.000000000000001776, -54.00000000000000000 ) ) ;
#1605 = EDGE_CURVE ( 'NONE', #634, #127, #2659, .T. ) ;
#1606 = CARTESIAN_POINT ( 'NONE',  ( 120.0000000000000000, 14.00000000000000000, -65.00000000000000000 ) ) ;
#1607 = CARTESIAN_POINT ( 'NONE',  ( 119.3287139208950549, 6.938893903907221278E-15, -54.00000000000000000 ) ) ;
#1608 = DIRECTION ( 'NONE',  ( -1.000000000000000000, 0.000000000000000000, 0.000000000000000000 ) ) ;
#1609 = ORIENTED_EDGE ( 'NONE', *, *, #275, .F. ) ;
#1610 = EDGE_LOOP ( 'NONE', ( #171, #2346 ) ) ;
#1611 = PLANE ( 'NONE',  #102 ) ;
#1612 = VECTOR ( 'NONE', #2475, 1000.000000000000000 ) ;
#1613 = DIRECTION ( 'NONE',  ( 1.000000000000000000, -0.000000000000000000, -0.000000000000000000 ) ) ;
#1614 = VERTEX_POINT ( 'NONE', #2719 ) ;
#1615 = CARTESIAN_POINT ( 'NONE',  ( 120.0000000000000142, 14.00000000000000000, 59.50000000000000000 ) ) ;
#1616 = CARTESIAN_POINT ( 'NONE',  ( 50.00000000000000000, -2.000000000000001776, -54.00000000000000000 ) ) ;
#1617 =( BOUNDED_CURVE ( )  B_SPLINE_CURVE ( 3, ( #2004, #1973, #2725, #745 ),
 .UNSPECIFIED., .F., .F. ) 
 B_SPLINE_CURVE_WITH_KNOTS ( ( 4, 4 ),
 ( 1.570796326794882791, 3.141592653589793116 ),
 .UNSPECIFIED. ) 
 CURVE ( )  GEOMETRIC_REPRESENTATION_ITEM ( )  RATIONAL_B_SPLINE_CURVE ( ( 1.000000000000000000, 0.8047378541243617178, 0.8047378541243617178, 1.000000000000000000 ) ) 
 REPRESENTATION_ITEM ( '' )  );
#1618 = VECTOR ( 'NONE', #1403, 1000.000000000000000 ) ;
#1619 = AXIS2_PLACEMENT_3D ( 'NONE', #1213, #1496, #281 ) ;
#1620 = CARTESIAN_POINT ( 'NONE',  ( -40.67128607910484561, 6.938893903907221278E-15, -54.00000000000000000 ) ) ;
#1621 = AXIS2_PLACEMENT_3D ( 'NONE', #525, #2698, #2638 ) ;
#1622 = AXIS2_PLACEMENT_3D ( 'NONE', #2807, #679, #1393 ) ;
#1623 = CARTESIAN_POINT ( 'NONE',  ( -120.0000000000000000, 9.999999999999994671, -74.00000000000000000 ) ) ;
#1624 = ADVANCED_FACE ( 'NONE', ( #1710 ), #1369, .F. ) ;
#1625 = VECTOR ( 'NONE', #1100, 1000.000000000000000 ) ;
#1626 = DIRECTION ( 'NONE',  ( -0.000000000000000000, -1.000000000000000000, -0.000000000000000000 ) ) ;
#1627 = DIRECTION ( 'NONE',  ( -0.000000000000000000, -1.000000000000000000, -0.000000000000000000 ) ) ;
#1628 = ORIENTED_EDGE ( 'NONE', *, *, #1027, .T. ) ;
#1629 = AXIS2_PLACEMENT_3D ( 'NONE', #2707, #473, #1267 ) ;
#1630 = EDGE_LOOP ( 'NONE', ( #1858, #382 ) ) ;
#1631 = ADVANCED_FACE ( 'NONE', ( #2456, #531 ), #2470, .F. ) ;
#1632 = CIRCLE ( 'NONE', #2394, 8.999999999999994671 ) ;
#1633 = DIRECTION ( 'NONE',  ( -0.000000000000000000, -1.000000000000000000, -0.000000000000000000 ) ) ;
#1634 = VERTEX_POINT ( 'NONE', #1500 ) ;
#1635 = DIRECTION ( 'NONE',  ( 8.659560562357336419E-17, -0.7071067811863512853, 0.7071067811867437491 ) ) ;
#1636 = CARTESIAN_POINT ( 'NONE',  ( -150.0000000000000000, 14.00000000000000000, 75.00000000000000000 ) ) ;
#1637 = EDGE_CURVE ( 'NONE', #484, #1002, #485, .T. ) ;
#1638 = CARTESIAN_POINT ( 'NONE',  ( 40.00000000000000711, 14.00000000000000000, 65.00000000000000000 ) ) ;
#1639 = CARTESIAN_POINT ( 'NONE',  ( 39.77624725658949956, -1.999999998155402192, 54.00000000000000000 ) ) ;
#1640 = CARTESIAN_POINT ( 'NONE',  ( 40.00000000000000711, 0.02499999999999464456, 65.00000000000000000 ) ) ;
#1641 = CARTESIAN_POINT ( 'NONE',  ( 50.00000000000000000, -141.0000000000000000, 40.00000000000000000 ) ) ;
#1642 = ORIENTED_EDGE ( 'NONE', *, *, #2903, .T. ) ;
#1643 = VERTEX_POINT ( 'NONE', #1697 ) ;
#1644 = DIRECTION ( 'NONE',  ( -0.000000000000000000, -1.000000000000000000, -0.000000000000000000 ) ) ;
#1645 = EDGE_CURVE ( 'NONE', #843, #1597, #1249, .T. ) ;
#1646 = VERTEX_POINT ( 'NONE', #500 ) ;
#1647 = EDGE_CURVE ( 'NONE', #2005, #2028, #1221, .T. ) ;
#1648 = DIRECTION ( 'NONE',  ( 0.000000000000000000, -1.000000000000000000, 0.000000000000000000 ) ) ;
#1649 = CARTESIAN_POINT ( 'NONE',  ( 120.0000000000000000, 0.000000000000000000, -65.00000000000000000 ) ) ;
#1650 = ADVANCED_FACE ( 'NONE', ( #1029 ), #1067, .F. ) ;
#1651 = DIRECTION ( 'NONE',  ( -0.000000000000000000, -1.000000000000000000, -0.000000000000000000 ) ) ;
#1652 = VERTEX_POINT ( 'NONE', #1988 ) ;
#1653 = CARTESIAN_POINT ( 'NONE',  ( 50.00000000000000000, -2.000000000000001776, -54.00000000000000000 ) ) ;
#1654 = CARTESIAN_POINT ( 'NONE',  ( 119.7762211993711361, -1.999999998155509662, -54.00000000000000000 ) ) ;
#1655 = CARTESIAN_POINT ( 'NONE',  ( -150.0000000000000000, 14.00000000000000000, -75.00000000000000000 ) ) ;
#1656 = ORIENTED_EDGE ( 'NONE', *, *, #2766, .F. ) ;
#1657 = ORIENTED_EDGE ( 'NONE', *, *, #2368, .F. ) ;
#1658 = DIRECTION ( 'NONE',  ( 0.000000000000000000, 0.000000000000000000, 1.000000000000000000 ) ) ;
#1659 = ORIENTED_EDGE ( 'NONE', *, *, #2322, .F. ) ;
#1660 = CYLINDRICAL_SURFACE ( 'NONE', #2033, 2.000000000000001776 ) ;
#1661 = CARTESIAN_POINT ( 'NONE',  ( -120.0000000000000000, 0.02499999999999464456, 65.00000000000000000 ) ) ;
#1662 = EDGE_CURVE ( 'NONE', #29, #312, #2522, .T. ) ;
#1663 = CONICAL_SURFACE ( 'NONE', #2372, 9.025000000000005684, 0.7853981633975870569 ) ;
#1664 = CIRCLE ( 'NONE', #1874, 9.025000000000005684 ) ;
#1665 = CARTESIAN_POINT ( 'NONE',  ( -40.67128607910484561, 0.000000000000000000, -56.00000000000000711 ) ) ;
#1666 = VERTEX_POINT ( 'NONE', #2964 ) ;
#1667 = VECTOR ( 'NONE', #2299, 1000.000000000000000 ) ;
#1668 = LINE ( 'NONE', #1460, #3072 ) ;
#1669 = CIRCLE ( 'NONE', #35, 9.025000000000005684 ) ;
#1670 = EDGE_CURVE ( 'NONE', #840, #2448, #759, .T. ) ;
#1671 = VECTOR ( 'NONE', #1928, 1000.000000000000000 ) ;
#1672 = CARTESIAN_POINT ( 'NONE',  ( -150.0000000000000284, -2.000000000000001776, 54.00000000000000000 ) ) ;
#1673 = CARTESIAN_POINT ( 'NONE',  ( 148.9648784017881269, -1.999999999999946265, -54.00000000000000000 ) ) ;
#1674 = VERTEX_POINT ( 'NONE', #789 ) ;
#1675 = SHAPE_DEFINITION_REPRESENTATION ( #2905, #2919 ) ;
#1676 = CIRCLE ( 'NONE', #2089, 9.025000000000005684 ) ;
#1677 = DIRECTION ( 'NONE',  ( 0.000000000000000000, 0.000000000000000000, -1.000000000000000000 ) ) ;
#1678 = ORIENTED_EDGE ( 'NONE', *, *, #1010, .F. ) ;
#1679 = VECTOR ( 'NONE', #2899, 1000.000000000000114 ) ;
#1680 = CARTESIAN_POINT ( 'NONE',  ( -39.68891136556499788, -2.000000000000000000, -54.00000000000000000 ) ) ;
#1681 = EDGE_LOOP ( 'NONE', ( #2300, #2526, #1918, #1336, #1696, #334 ) ) ;
#1682 = CARTESIAN_POINT ( 'NONE',  ( 39.99999999999999289, 0.02499999999999464456, -56.00000000000000711 ) ) ;
#1683 = EDGE_CURVE ( 'NONE', #1497, #221, #1465, .T. ) ;
#1684 = AXIS2_PLACEMENT_3D ( 'NONE', #1294, #981, #2178 ) ;
#1685 = DIRECTION ( 'NONE',  ( 0.000000000000000000, 0.000000000000000000, -1.000000000000000000 ) ) ;
#1686 = EDGE_CURVE ( 'NONE', #3100, #877, #620, .T. ) ;
#1687 = ADVANCED_FACE ( 'NONE', ( #2974 ), #1760, .F. ) ;
#1688 = DIRECTION ( 'NONE',  ( 0.000000000000000000, 0.000000000000000000, -1.000000000000000000 ) ) ;
#1689 = CARTESIAN_POINT ( 'NONE',  ( 120.0000000000000000, 0.000000000000000000, -65.00000000000000000 ) ) ;
#1690 = EDGE_CURVE ( 'NONE', #29, #634, #1777, .T. ) ;
#1691 = PLANE ( 'NONE',  #1421 ) ;
#1692 = ORIENTED_EDGE ( 'NONE', *, *, #2948, .T. ) ;
#1693 = DIRECTION ( 'NONE',  ( 0.000000000000000000, -1.000000000000000000, 0.000000000000000000 ) ) ;
#1694 = VERTEX_POINT ( 'NONE', #1538 ) ;
#1695 = DIRECTION ( 'NONE',  ( 0.000000000000000000, 0.000000000000000000, -1.000000000000000000 ) ) ;
#1696 = ORIENTED_EDGE ( 'NONE', *, *, #2980, .T. ) ;
#1697 = CARTESIAN_POINT ( 'NONE',  ( -120.6712860791049309, -2.000000000000001776, 54.00000000000000000 ) ) ;
#1698 = DIRECTION ( 'NONE',  ( 0.000000000000000000, 0.000000000000000000, -1.000000000000000000 ) ) ;
#1699 = CARTESIAN_POINT ( 'NONE',  ( 150.0000000000000000, -6.000000000000000000, 40.00000000000000000 ) ) ;
#1700 = CARTESIAN_POINT ( 'NONE',  ( 40.00000000000000711, 0.000000000000000000, 59.50000000000000000 ) ) ;
#1701 = ORIENTED_EDGE ( 'NONE', *, *, #2797, .T. ) ;
#1702 = CARTESIAN_POINT ( 'NONE',  ( 40.22620140004474365, 1.151776037538535782E-16, 55.96680231594577748 ) ) ;
#1703 = EDGE_CURVE ( 'NONE', #297, #1328, #329, .T. ) ;
#1704 = CARTESIAN_POINT ( 'NONE',  ( 146.8946352053642670, -6.000000000000005329, -40.00000000000000000 ) ) ;
#1705 = CARTESIAN_POINT ( 'NONE',  ( 120.0491088313550563, -1.999809952871499652, 54.00000000000000000 ) ) ;
#1706 = DIRECTION ( 'NONE',  ( 0.000000000000000000, 0.000000000000000000, 1.000000000000000000 ) ) ;
#1707 = ORIENTED_EDGE ( 'NONE', *, *, #2868, .T. ) ;
#1708 = CARTESIAN_POINT ( 'NONE',  ( -40.40930625314865665, -1.999938396206200286, -54.00000000000000000 ) ) ;
#1709 = ORIENTED_EDGE ( 'NONE', *, *, #3096, .T. ) ;
#1710 = FACE_OUTER_BOUND ( 'NONE', #1772, .T. ) ;
#1711 = DIRECTION ( 'NONE',  ( 1.000000000000000000, 0.000000000000000000, 0.000000000000000000 ) ) ;
#1712 = CYLINDRICAL_SURFACE ( 'NONE', #1821, 2.000000000000001776 ) ;
#1713 = AXIS2_PLACEMENT_3D ( 'NONE', #1351, #2814, #2341 ) ;
#1714 = AXIS2_PLACEMENT_3D ( 'NONE', #85, #326, #1300 ) ;
#1715 = CARTESIAN_POINT ( 'NONE',  ( -143.0519435285098382, -6.000000000000001776, -40.00000000000000000 ) ) ;
#1716 = ORIENTED_EDGE ( 'NONE', *, *, #2983, .F. ) ;
#1717 =( BOUNDED_SURFACE ( )  B_SPLINE_SURFACE ( 3, 2, ( 
 ( #1855, #685, #2815 ),
 ( #2369, #1372, #444 ),
 ( #2847, #2357, #1654 ),
 ( #2324, #1607, #123 ) ),
 .UNSPECIFIED., .F., .F., .F. ) 
 B_SPLINE_SURFACE_WITH_KNOTS ( ( 4, 4 ),
 ( 3, 3 ),
 ( 0.006593514117989328349, 0.007951212332965463397 ),
 ( 0.000000000000000000, 1.000000000000000000 ),
 .UNSPECIFIED. ) 
 GEOMETRIC_REPRESENTATION_ITEM ( )  RATIONAL_B_SPLINE_SURFACE ( (
 ( 1.000000000000000000, 0.7071067811865460184, 1.000000000000000000),
 ( 1.000000000000000000, 0.7129803012494323466, 1.000000000000000000),
 ( 1.000000000000000000, 0.7129799938122335368, 1.000000000000000000),
 ( 1.000000000000000000, 0.7071067811865460184, 1.000000000000000000) ) ) 
 REPRESENTATION_ITEM ( '' )  SURFACE ( )  );
#1718 = AXIS2_PLACEMENT_3D ( 'NONE', #633, #1633, #3102 ) ;
#1719 = CARTESIAN_POINT ( 'NONE',  ( -120.0000000000000000, 9.999999999999994671, 65.00000000000000000 ) ) ;
#1720 = COLOUR_RGB ( '',0.7921568627450980005, 0.8196078431372548767, 0.9333333333333333481 ) ;
#1721 = FACE_OUTER_BOUND ( 'NONE', #2784, .T. ) ;
#1722 = EDGE_LOOP ( 'NONE', ( #1499, #2958, #2186, #2230 ) ) ;
#1723 = ADVANCED_FACE ( 'NONE', ( #1314 ), #572, .F. ) ;
#1724 = AXIS2_PLACEMENT_3D ( 'NONE', #2449, #265, #1241 ) ;
#1725 = CARTESIAN_POINT ( 'NONE',  ( -150.0000000000000000, 14.00000000000000000, 75.00000000000000000 ) ) ;
#1726 = ORIENTED_EDGE ( 'NONE', *, *, #557, .F. ) ;
#1727 = CARTESIAN_POINT ( 'NONE',  ( -150.0000000000000000, 0.000000000000000000, 54.00000000000000000 ) ) ;
#1728 = EDGE_CURVE ( 'NONE', #2895, #559, #1162, .T. ) ;
#1729 = AXIS2_PLACEMENT_3D ( 'NONE', #739, #1485, #2423 ) ;
#1730 = ORIENTED_EDGE ( 'NONE', *, *, #2459, .T. ) ;
#1731 = AXIS2_PLACEMENT_3D ( 'NONE', #1561, #2987, #844 ) ;
#1732 = CARTESIAN_POINT ( 'NONE',  ( 40.67128607910483851, 6.938893903907221278E-15, -54.00000000000000000 ) ) ;
#1733 = CARTESIAN_POINT ( 'NONE',  ( 39.99999999999999289, 14.00000000000000000, -59.50000000000000000 ) ) ;
#1734 = CARTESIAN_POINT ( 'NONE',  ( 40.00000000000000711, 0.000000000000000000, 65.00000000000000000 ) ) ;
#1735 = EDGE_CURVE ( 'NONE', #740, #1582, #1811, .T. ) ;
#1736 = VECTOR ( 'NONE', #2978, 1000.000000000000114 ) ;
#1737 = AXIS2_PLACEMENT_3D ( 'NONE', #1955, #2916, #2251 ) ;
#1738 = DIRECTION ( 'NONE',  ( 0.000000000000000000, 0.000000000000000000, -1.000000000000000000 ) ) ;
#1739 = VERTEX_POINT ( 'NONE', #78 ) ;
#1740 = CARTESIAN_POINT ( 'NONE',  ( -39.99999999999999289, 0.02499999999999464456, 56.00000000000000711 ) ) ;
#1741 = LINE ( 'NONE', #2940, #44 ) ;
#1742 = ORIENTED_EDGE ( 'NONE', *, *, #365, .F. ) ;
#1743 = FACE_OUTER_BOUND ( 'NONE', #2008, .T. ) ;
#1744 = ORIENTED_EDGE ( 'NONE', *, *, #928, .T. ) ;
#1745 = CARTESIAN_POINT ( 'NONE',  ( 120.0000000000000142, -2.602085213965210642E-15, 65.00000000000000000 ) ) ;
#1746 = ORIENTED_EDGE ( 'NONE', *, *, #1126, .F. ) ;
#1747 = ADVANCED_FACE ( 'NONE', ( #1568 ), #1058, .F. ) ;
#1748 = CARTESIAN_POINT ( 'NONE',  ( 39.32871392089515439, -2.000000000000001776, -54.00000000000000000 ) ) ;
#1749 = CARTESIAN_POINT ( 'NONE',  ( -39.99999999999999289, 9.999999999999994671, 65.00000000000000000 ) ) ;
#1750 = DIRECTION ( 'NONE',  ( -0.000000000000000000, -1.000000000000000000, -0.000000000000000000 ) ) ;
#1751 = ADVANCED_FACE ( 'NONE', ( #1092 ), #3021, .F. ) ;
#1752 = LINE ( 'NONE', #574, #1972 ) ;
#1753 = ORIENTED_EDGE ( 'NONE', *, *, #65, .F. ) ;
#1754 = VERTEX_POINT ( 'NONE', #1346 ) ;
#1755 = DIRECTION ( 'NONE',  ( -0.000000000000000000, -1.000000000000000000, -0.000000000000000000 ) ) ;
#1756 = ORIENTED_EDGE ( 'NONE', *, *, #2151, .T. ) ;
#1757 = ORIENTED_EDGE ( 'NONE', *, *, #235, .F. ) ;
#1758 = DIRECTION ( 'NONE',  ( 1.000000000000000000, 0.000000000000000000, 0.000000000000000000 ) ) ;
#1759 = CYLINDRICAL_SURFACE ( 'NONE', #1012, 5.499999999999998224 ) ;
#1760 = CYLINDRICAL_SURFACE ( 'NONE', #2730, 2.000000000000001776 ) ;
#1761 = CARTESIAN_POINT ( 'NONE',  ( 39.32871392089515439, -2.000000000000002665, -54.00000000000000000 ) ) ;
#1762 = ADVANCED_FACE ( 'NONE', ( #1030 ), #2886, .F. ) ;
#1763 = CARTESIAN_POINT ( 'NONE',  ( 50.00000000000000000, -141.0000000000000000, 54.00000000000000000 ) ) ;
#1764 = DIRECTION ( 'NONE',  ( 1.000000000000000000, 0.000000000000000000, -0.000000000000000000 ) ) ;
#1765 = VERTEX_POINT ( 'NONE', #1518 ) ;
#1766 = ADVANCED_FACE ( 'NONE', ( #2491 ), #63, .F. ) ;
#1767 = VECTOR ( 'NONE', #2994, 1000.000000000000000 ) ;
#1768 = ORIENTED_EDGE ( 'NONE', *, *, #347, .F. ) ;
#1769 = EDGE_CURVE ( 'NONE', #864, #1694, #862, .T. ) ;
#1770 = VECTOR ( 'NONE', #2452, 1000.000000000000000 ) ;
#1771 = CARTESIAN_POINT ( 'NONE',  ( -150.0000000000000000, 0.000000000000000000, 75.00000000000000000 ) ) ;
#1772 = EDGE_LOOP ( 'NONE', ( #2296, #2514, #2503, #1054, #470 ) ) ;
#1773 = CARTESIAN_POINT ( 'NONE',  ( -120.2300258936607094, -0.03291242157558036535, -54.00000000000769518 ) ) ;
#1774 = ORIENTED_EDGE ( 'NONE', *, *, #913, .T. ) ;
#1775 = VERTEX_POINT ( 'NONE', #649 ) ;
#1776 = CARTESIAN_POINT ( 'NONE',  ( -39.99999999999999289, -2.602085213965210642E-15, 65.00000000000000000 ) ) ;
#1777 = CIRCLE ( 'NONE', #860, 8.999999999999994671 ) ;
#1778 = CARTESIAN_POINT ( 'NONE',  ( -119.5033671413617924, -1.999969536130415948, 54.00000000000000000 ) ) ;
#1779 = AXIS2_PLACEMENT_3D ( 'NONE', #657, #1133, #863 ) ;
#1780 = DIRECTION ( 'NONE',  ( -1.000000000000000000, 0.000000000000000000, 0.000000000000000000 ) ) ;
#1781 = CARTESIAN_POINT ( 'NONE',  ( 119.3287139208952539, -2.000000000000001776, 54.00000000000000000 ) ) ;
#1782 = ADVANCED_FACE ( 'NONE', ( #1151 ), #3041, .T. ) ;
#1783 = CIRCLE ( 'NONE', #2187, 5.500000000000005329 ) ;
#1784 = CARTESIAN_POINT ( 'NONE',  ( 39.99999999999999289, -2.602085213965210642E-15, -65.00000000000000000 ) ) ;
#1785 = DIRECTION ( 'NONE',  ( 1.000000000000000000, -0.000000000000000000, -0.000000000000000000 ) ) ;
#1786 = ORIENTED_EDGE ( 'NONE', *, *, #144, .T. ) ;
#1787 = CIRCLE ( 'NONE', #2139, 5.500000000000005329 ) ;
#1788 = EDGE_CURVE ( 'NONE', #239, #1418, #2591, .T. ) ;
#1789 = EDGE_CURVE ( 'NONE', #1674, #335, #404, .T. ) ;
#1790 = ORIENTED_EDGE ( 'NONE', *, *, #1963, .T. ) ;
#1791 = DIRECTION ( 'NONE',  ( 0.000000000000000000, 0.000000000000000000, 1.000000000000000000 ) ) ;
#1792 = ORIENTED_EDGE ( 'NONE', *, *, #2474, .T. ) ;
#1793 = CARTESIAN_POINT ( 'NONE',  ( 40.00000000000000711, 0.000000000000000000, 56.00000000000000711 ) ) ;
#1794 = ORIENTED_EDGE ( 'NONE', *, *, #2286, .T. ) ;
#1795 = ORIENTED_EDGE ( 'NONE', *, *, #1834, .T. ) ;
#1796 = CARTESIAN_POINT ( 'NONE',  ( 39.99999999999999289, 0.000000000000000000, -65.00000000000000000 ) ) ;
#1797 = CARTESIAN_POINT ( 'NONE',  ( -119.4160405319738487, -2.000000000000001776, 54.00000000000000000 ) ) ;
#1798 = DIRECTION ( 'NONE',  ( 0.000000000000000000, -0.7071067811865474617, -0.7071067811865474617 ) ) ;
#1799 = CARTESIAN_POINT ( 'NONE',  ( 120.2237788006286934, -1.999999998155509662, 54.00000000000000000 ) ) ;
#1800 = DIRECTION ( 'NONE',  ( 1.000000000000000000, 0.000000000000000000, 0.000000000000000000 ) ) ;
#1801 = ORIENTED_EDGE ( 'NONE', *, *, #1956, .T. ) ;
#1802 = LINE ( 'NONE', #1592, #1558 ) ;
#1803 = ADVANCED_FACE ( 'NONE', ( #1862 ), #2363, .F. ) ;
#1804 = ORIENTED_EDGE ( 'NONE', *, *, #337, .T. ) ;
#1805 = CARTESIAN_POINT ( 'NONE',  ( -120.0000000000000000, -2.602085213965210642E-15, -65.00000000000000000 ) ) ;
#1806 = VERTEX_POINT ( 'NONE', #2083 ) ;
#1807 = ORIENTED_EDGE ( 'NONE', *, *, #167, .F. ) ;
#1808 = LINE ( 'NONE', #1103, #2846 ) ;
#1809 = CARTESIAN_POINT ( 'NONE',  ( 40.00000000000000711, 9.999999999999994671, 59.50000000000000000 ) ) ;
#1810 = B_SPLINE_CURVE_WITH_KNOTS ( 'NONE', 3,
 ( #1929, #1911, #1180, #1416, #1705, #1242, #2390 ),
 .UNSPECIFIED., .F., .F.,
 ( 4, 3, 4 ),
 ( 0.000000000000000000, 0.0002619798332361346241, 0.001342572251665856333 ),
 .UNSPECIFIED. ) ;
#1811 = LINE ( 'NONE', #2066, #1266 ) ;
#1812 = CARTESIAN_POINT ( 'NONE',  ( -111.0000000000000000, 9.999999999999994671, 65.00000000000000000 ) ) ;
#1813 = EDGE_CURVE ( 'NONE', #1080, #3003, #1170, .T. ) ;
#1814 = DIRECTION ( 'NONE',  ( 8.659560562355533132E-17, -0.7071067811864985009, 0.7071067811865965336 ) ) ;
#1815 = ORIENTED_EDGE ( 'NONE', *, *, #320, .T. ) ;
#1816 = CARTESIAN_POINT ( 'NONE',  ( 39.99999999999999289, 9.999999999999994671, -74.00000000000000000 ) ) ;
#1817 = VECTOR ( 'NONE', #1033, 1000.000000000000000 ) ;
#1818 = DIRECTION ( 'NONE',  ( 0.000000000000000000, 0.000000000000000000, -1.000000000000000000 ) ) ;
#1819 = ORIENTED_EDGE ( 'NONE', *, *, #779, .F. ) ;
#1820 = ADVANCED_FACE ( 'NONE', ( #423, #1894 ), #2853, .F. ) ;
#1821 = AXIS2_PLACEMENT_3D ( 'NONE', #2661, #2676, #2508 ) ;
#1822 = CARTESIAN_POINT ( 'NONE',  ( -120.6712860791049167, 6.938893903907221278E-15, -54.00000000000000000 ) ) ;
#1823 = ORIENTED_EDGE ( 'NONE', *, *, #1409, .T. ) ;
#1824 = ORIENTED_EDGE ( 'NONE', *, *, #2286, .F. ) ;
#1825 = CARTESIAN_POINT ( 'NONE',  ( -39.32871392089515439, 0.000000000000000000, 56.00000000000000711 ) ) ;
#1826 = CIRCLE ( 'NONE', #2177, 9.025000000000005684 ) ;
#1827 = CARTESIAN_POINT ( 'NONE',  ( -120.0000000000000000, 9.999999999999994671, 59.50000000000000000 ) ) ;
#1828 = ORIENTED_EDGE ( 'NONE', *, *, #2012, .T. ) ;
#1829 = EDGE_CURVE ( 'NONE', #2097, #2530, #912, .T. ) ;
#1830 = DIRECTION ( 'NONE',  ( -0.000000000000000000, -1.000000000000000000, -0.000000000000000000 ) ) ;
#1831 = CARTESIAN_POINT ( 'NONE',  ( 150.0000000000000000, 0.000000000000000000, 56.00000000000000000 ) ) ;
#1832 = VECTOR ( 'NONE', #2343, 1000.000000000000000 ) ;
#1833 = CONICAL_SURFACE ( 'NONE', #501, 9.024999999999998579, 0.7853981633975176679 ) ;
#1834 = EDGE_CURVE ( 'NONE', #1436, #1765, #2790, .T. ) ;
#1835 = CARTESIAN_POINT ( 'NONE',  ( 120.0000000000000142, 9.999999999999994671, 70.50000000000001421 ) ) ;
#1836 = ORIENTED_EDGE ( 'NONE', *, *, #2724, .F. ) ;
#1837 = AXIS2_PLACEMENT_3D ( 'NONE', #2045, #1087, #317 ) ;
#1838 = CARTESIAN_POINT ( 'NONE',  ( -150.0000000000000000, 0.000000000000000000, -75.00000000000000000 ) ) ;
#1839 = AXIS2_PLACEMENT_3D ( 'NONE', #1555, #134, #1764 ) ;
#1840 = CARTESIAN_POINT ( 'NONE',  ( 40.58395946802605891, -2.000000000000001776, 54.00000000000000000 ) ) ;
#1841 = ORIENTED_EDGE ( 'NONE', *, *, #689, .F. ) ;
#1842 = CIRCLE ( 'NONE', #2494, 8.999999999999994671 ) ;
#1843 = CARTESIAN_POINT ( 'NONE',  ( 62.00000000000000000, -141.0000000000000000, -54.00000000000000000 ) ) ;
#1844 = ORIENTED_EDGE ( 'NONE', *, *, #109, .T. ) ;
#1845 = EDGE_LOOP ( 'NONE', ( #277, #1601 ) ) ;
#1846 = CARTESIAN_POINT ( 'NONE',  ( -40.22375274341048623, -1.999999998155402192, 54.00000000000000000 ) ) ;
#1847 = DIRECTION ( 'NONE',  ( 0.000000000000000000, 0.000000000000000000, -1.000000000000000000 ) ) ;
#1848 = ORIENTED_EDGE ( 'NONE', *, *, #466, .T. ) ;
#1849 = CARTESIAN_POINT ( 'NONE',  ( 50.00000000000000000, -2.000000000000001776, 56.00000000000000000 ) ) ;
#1850 = CARTESIAN_POINT ( 'NONE',  ( 50.00000000000000000, -141.0000000000000000, -54.00000000000000000 ) ) ;
#1851 = ADVANCED_FACE ( 'NONE', ( #1905 ), #1116, .F. ) ;
#1852 = CARTESIAN_POINT ( 'NONE',  ( 150.0000000000000000, 0.000000000000000000, 54.00000000000000000 ) ) ;
#1853 = ORIENTED_EDGE ( 'NONE', *, *, #2579, .F. ) ;
#1854 = LINE ( 'NONE', #1838, #2473 ) ;
#1855 = CARTESIAN_POINT ( 'NONE',  ( 120.6712860791049309, 0.000000000000000000, -56.00000000000000711 ) ) ;
#1856 = DIRECTION ( 'NONE',  ( -0.000000000000000000, -1.000000000000000000, -0.000000000000000000 ) ) ;
#1857 = ORIENTED_EDGE ( 'NONE', *, *, #2845, .F. ) ;
#1858 = ORIENTED_EDGE ( 'NONE', *, *, #736, .F. ) ;
#1859 = CARTESIAN_POINT ( 'NONE',  ( -40.22617530036086464, 1.151843577424018045E-16, 55.96680036924112045 ) ) ;
#1860 = DIRECTION ( 'NONE',  ( -0.000000000000000000, -1.000000000000000000, -0.000000000000000000 ) ) ;
#1861 = ORIENTED_EDGE ( 'NONE', *, *, #1536, .F. ) ;
#1862 = FACE_OUTER_BOUND ( 'NONE', #141, .T. ) ;
#1863 = DIRECTION ( 'NONE',  ( 6.938893903907228378E-15, -1.000000000000000000, 0.000000000000000000 ) ) ;
#1864 = ADVANCED_FACE ( 'NONE', ( #1128 ), #2102, .F. ) ;
#1865 = DIRECTION ( 'NONE',  ( 0.000000000000000000, 0.000000000000000000, -1.000000000000000000 ) ) ;
#1866 = CARTESIAN_POINT ( 'NONE',  ( -150.0000000000000000, 0.000000000000000000, -75.00000000000000000 ) ) ;
#1867 = CARTESIAN_POINT ( 'NONE',  ( 40.40930625311141711, -1.999938396206186964, 54.00000000000000000 ) ) ;
#1868 = EDGE_CURVE ( 'NONE', #1008, #2614, #1602, .T. ) ;
#1869 = FACE_OUTER_BOUND ( 'NONE', #524, .T. ) ;
#1870 = EDGE_LOOP ( 'NONE', ( #1381, #354, #2391, #1807 ) ) ;
#1871 = CIRCLE ( 'NONE', #283, 5.500000000000005329 ) ;
#1872 = ORIENTED_EDGE ( 'NONE', *, *, #109, .F. ) ;
#1873 = DIRECTION ( 'NONE',  ( -0.000000000000000000, -1.000000000000000000, -0.000000000000000000 ) ) ;
#1874 = AXIS2_PLACEMENT_3D ( 'NONE', #1784, #2742, #2269 ) ;
#1875 = DIRECTION ( 'NONE',  ( 0.000000000000000000, 0.000000000000000000, -1.000000000000000000 ) ) ;
#1876 = VERTEX_POINT ( 'NONE', #931 ) ;
#1877 = CARTESIAN_POINT ( 'NONE',  ( 50.00000000000000000, -2.000000000000001776, 56.00000000000000000 ) ) ;
#1878 = DIRECTION ( 'NONE',  ( 1.000000000000000000, 0.000000000000000000, 0.000000000000000000 ) ) ;
#1879 = CONICAL_SURFACE ( 'NONE', #753, 9.024999999999991473, 0.7853981633974482790 ) ;
#1880 = AXIS2_PLACEMENT_3D ( 'NONE', #610, #2985, #1276 ) ;
#1881 = CARTESIAN_POINT ( 'NONE',  ( 40.00000000000000711, -2.602085213965210642E-15, 65.00000000000000000 ) ) ;
#1882 = VECTOR ( 'NONE', #1938, 1000.000000000000000 ) ;
#1883 = CIRCLE ( 'NONE', #609, 8.999999999999994671 ) ;
#1884 = DIRECTION ( 'NONE',  ( -0.000000000000000000, -1.000000000000000000, -0.000000000000000000 ) ) ;
#1885 = ADVANCED_FACE ( 'NONE', ( #130 ), #1660, .F. ) ;
#1886 = CARTESIAN_POINT ( 'NONE',  ( -149.0595735200051877, -0.8121060764433785106, -37.01425888701091793 ) ) ;
#1887 = DIRECTION ( 'NONE',  ( 1.000000000000000000, 0.000000000000000000, 0.000000000000000000 ) ) ;
#1888 = VERTEX_POINT ( 'NONE', #1615 ) ;
#1889 = AXIS2_PLACEMENT_3D ( 'NONE', #1523, #1112, #2496 ) ;
#1890 = VERTEX_POINT ( 'NONE', #874 ) ;
#1891 = AXIS2_PLACEMENT_3D ( 'NONE', #885, #1343, #2566 ) ;
#1892 = LINE ( 'NONE', #663, #1509 ) ;
#1893 = ORIENTED_EDGE ( 'NONE', *, *, #892, .T. ) ;
#1894 = FACE_OUTER_BOUND ( 'NONE', #1533, .T. ) ;
#1895 = DIRECTION ( 'NONE',  ( -0.000000000000000000, -0.000000000000000000, -1.000000000000000000 ) ) ;
#1896 = DIRECTION ( 'NONE',  ( -1.000000000000000000, 0.000000000000000000, 0.000000000000000000 ) ) ;
#1897 = FACE_OUTER_BOUND ( 'NONE', #2062, .T. ) ;
#1898 = CARTESIAN_POINT ( 'NONE',  ( 150.0000000000000284, 8.673617379884035472E-16, 37.51471862576144645 ) ) ;
#1899 = FACE_OUTER_BOUND ( 'NONE', #124, .T. ) ;
#1900 = ORIENTED_EDGE ( 'NONE', *, *, #2709, .T. ) ;
#1901 = ADVANCED_FACE ( 'NONE', ( #452 ), #2317, .F. ) ;
#1902 = ORIENTED_EDGE ( 'NONE', *, *, #2845, .T. ) ;
#1903 = LINE ( 'NONE', #2602, #343 ) ;
#1904 = ORIENTED_EDGE ( 'NONE', *, *, #295, .T. ) ;
#1905 = FACE_OUTER_BOUND ( 'NONE', #2261, .T. ) ;
#1906 = FACE_OUTER_BOUND ( 'NONE', #2893, .T. ) ;
#1907 = DIRECTION ( 'NONE',  ( -0.000000000000000000, 0.000000000000000000, 1.000000000000000000 ) ) ;
#1908 = ORIENTED_EDGE ( 'NONE', *, *, #2151, .F. ) ;
#1909 = CARTESIAN_POINT ( 'NONE',  ( 39.76999980004590185, -0.03291433799892501399, 54.00000000000769518 ) ) ;
#1910 = CARTESIAN_POINT ( 'NONE',  ( -40.67128607910484561, -2.000000000000002665, -54.00000000000000000 ) ) ;
#1911 = CARTESIAN_POINT ( 'NONE',  ( 120.5839594680260518, -2.000000000000001776, 54.00000000000000000 ) ) ;
#1912 = ORIENTED_EDGE ( 'NONE', *, *, #518, .F. ) ;
#1913 = EDGE_CURVE ( 'NONE', #2005, #1634, #2334, .T. ) ;
#1914 = DIRECTION ( 'NONE',  ( 0.7568550267726046332, -0.6535827938746858745, 0.000000000000000000 ) ) ;
#1915 = ORIENTED_EDGE ( 'NONE', *, *, #2515, .F. ) ;
#1916 = CIRCLE ( 'NONE', #133, 9.025000000000005684 ) ;
#1917 = CARTESIAN_POINT ( 'NONE',  ( -120.0000000000000000, 0.02499999999999464456, -74.00000000000000000 ) ) ;
#1918 = ORIENTED_EDGE ( 'NONE', *, *, #1317, .T. ) ;
#1919 = AXIS2_PLACEMENT_3D ( 'NONE', #2015, #2555, #375 ) ;
#1920 = ADVANCED_FACE ( 'NONE', ( #2114 ), #901, .F. ) ;
#1921 = EDGE_CURVE ( 'NONE', #2360, #2205, #1574, .T. ) ;
#1922 = CARTESIAN_POINT ( 'NONE',  ( 71.31444453095944880, -152.0315209439428656, 54.00000000000000000 ) ) ;
#1923 = VECTOR ( 'NONE', #3022, 1000.000000000000000 ) ;
#1924 = CARTESIAN_POINT ( 'NONE',  ( -120.0000000000000000, -2.602085213965210642E-15, -55.97499999999999432 ) ) ;
#1925 = AXIS2_PLACEMENT_3D ( 'NONE', #2613, #677, #147 ) ;
#1926 = DIRECTION ( 'NONE',  ( -0.000000000000000000, -1.000000000000000000, -0.000000000000000000 ) ) ;
#1927 = CIRCLE ( 'NONE', #1779, 8.999999999999994671 ) ;
#1928 = DIRECTION ( 'NONE',  ( -1.000000000000000000, 0.000000000000000000, 0.000000000000000000 ) ) ;
#1929 = CARTESIAN_POINT ( 'NONE',  ( 120.6712860791047603, -2.000000000000001776, 54.00000000000000000 ) ) ;
#1930 = ORIENTED_EDGE ( 'NONE', *, *, #2403, .T. ) ;
#1931 = AXIS2_PLACEMENT_3D ( 'NONE', #3148, #13, #496 ) ;
#1932 = CARTESIAN_POINT ( 'NONE',  ( -120.0000000000000000, 14.00000000000000000, 65.00000000000000000 ) ) ;
#1933 = ORIENTED_EDGE ( 'NONE', *, *, #2632, .T. ) ;
#1934 = AXIS2_PLACEMENT_3D ( 'NONE', #1446, #1211, #2417 ) ;
#1935 = CARTESIAN_POINT ( 'NONE',  ( -119.3287139208950407, -2.000000000000001776, -54.00000000000000000 ) ) ;
#1936 = EDGE_LOOP ( 'NONE', ( #704, #2159, #1716, #2700 ) ) ;
#1937 = AXIS2_PLACEMENT_3D ( 'NONE', #2147, #2130, #457 ) ;
#1938 = DIRECTION ( 'NONE',  ( -0.000000000000000000, -0.000000000000000000, -1.000000000000000000 ) ) ;
#1939 = DIRECTION ( 'NONE',  ( -0.000000000000000000, -1.000000000000000000, -0.000000000000000000 ) ) ;
#1940 = FACE_OUTER_BOUND ( 'NONE', #146, .T. ) ;
#1941 = CYLINDRICAL_SURFACE ( 'NONE', #2692, 2.000000000000001776 ) ;
#1942 = PRODUCT_RELATED_PRODUCT_CATEGORY ( 'part', '', ( #3123 ) ) ;
#1943 = ADVANCED_FACE ( 'NONE', ( #2439 ), #1469, .F. ) ;
#1944 = ORIENTED_EDGE ( 'NONE', *, *, #961, .T. ) ;
#1945 = CARTESIAN_POINT ( 'NONE',  ( -40.00000000000000711, 0.000000000000000000, -65.00000000000000000 ) ) ;
#1946 = CARTESIAN_POINT ( 'NONE',  ( -150.0000000000000000, 0.000000000000000000, -54.82842712474619162 ) ) ;
#1947 = CARTESIAN_POINT ( 'NONE',  ( 150.0000000000000000, 0.000000000000000000, -56.00000000000000711 ) ) ;
#1948 = CARTESIAN_POINT ( 'NONE',  ( -39.99999999999999289, 14.00000000000000000, 65.00000000000000000 ) ) ;
#1949 = VERTEX_POINT ( 'NONE', #1935 ) ;
#1950 = CARTESIAN_POINT ( 'NONE',  ( 129.0000000000000000, 9.999999999999994671, -65.00000000000000000 ) ) ;
#1951 = ORIENTED_EDGE ( 'NONE', *, *, #972, .F. ) ;
#1952 = CARTESIAN_POINT ( 'NONE',  ( -120.6712860791049309, 0.000000000000000000, 56.00000000000000711 ) ) ;
#1953 = LINE ( 'NONE', #3135, #298 ) ;
#1954 = LINE ( 'NONE', #1223, #2323 ) ;
#1955 = CARTESIAN_POINT ( 'NONE',  ( -31.00000000000001066, 9.999999999999994671, -65.00000000000000000 ) ) ;
#1956 = EDGE_CURVE ( 'NONE', #2817, #312, #2635, .T. ) ;
#1957 = CARTESIAN_POINT ( 'NONE',  ( -150.0000000000000000, 0.000000000000000000, 75.00000000000000000 ) ) ;
#1958 = ORIENTED_EDGE ( 'NONE', *, *, #2631, .T. ) ;
#1959 = EDGE_CURVE ( 'NONE', #26, #1417, #3089, .T. ) ;
#1960 = CARTESIAN_POINT ( 'NONE',  ( 148.7137157859459649, -2.485281374238569541, -40.00000000000002132 ) ) ;
#1961 = CARTESIAN_POINT ( 'NONE',  ( -120.0000000000000000, 0.000000000000000000, -56.00000000000000711 ) ) ;
#1962 = ORIENTED_EDGE ( 'NONE', *, *, #1198, .F. ) ;
#1963 = EDGE_CURVE ( 'NONE', #566, #1754, #91, .T. ) ;
#1964 = DIRECTION ( 'NONE',  ( 0.000000000000000000, 0.000000000000000000, -1.000000000000000000 ) ) ;
#1965 = EDGE_LOOP ( 'NONE', ( #2138, #3082 ) ) ;
#1966 = CARTESIAN_POINT ( 'NONE',  ( 39.99999999999999289, -2.602085213965210642E-15, -55.97500000000000142 ) ) ;
#1967 = ORIENTED_EDGE ( 'NONE', *, *, #2882, .T. ) ;
#1968 = CARTESIAN_POINT ( 'NONE',  ( -119.7762211993713208, -1.999999998155509662, 54.00000000000000000 ) ) ;
#1969 = CARTESIAN_POINT ( 'NONE',  ( 39.99999999999999289, 0.02499999999999464456, -74.00000000000000000 ) ) ;
#1970 = DIRECTION ( 'NONE',  ( 0.000000000000000000, 0.000000000000000000, 1.000000000000000000 ) ) ;
#1971 = AXIS2_PLACEMENT_3D ( 'NONE', #3119, #475, #2607 ) ;
#1972 = VECTOR ( 'NONE', #996, 1000.000000000000000 ) ;
#1973 = CARTESIAN_POINT ( 'NONE',  ( -149.0406735924582335, -0.8284271247462070553, 53.99999999999998579 ) ) ;
#1974 = VERTEX_POINT ( 'NONE', #1917 ) ;
#1975 = CIRCLE ( 'NONE', #2976, 8.999999999999994671 ) ;
#1976 = CARTESIAN_POINT ( 'NONE',  ( 120.0000000000000000, 0.000000000000000000, -74.00000000000001421 ) ) ;
#1977 = VECTOR ( 'NONE', #706, 1000.000000000000000 ) ;
#1978 = DIRECTION ( 'NONE',  ( -0.000000000000000000, -1.000000000000000000, -0.000000000000000000 ) ) ;
#1979 = ORIENTED_EDGE ( 'NONE', *, *, #1686, .F. ) ;
#1980 = EDGE_CURVE ( 'NONE', #2498, #2059, #2927, .T. ) ;
#1981 = AXIS2_PLACEMENT_3D ( 'NONE', #15, #1200, #2174 ) ;
#1982 = CYLINDRICAL_SURFACE ( 'NONE', #1515, 11.99999999999999645 ) ;
#1983 = ORIENTED_EDGE ( 'NONE', *, *, #119, .T. ) ;
#1984 = CARTESIAN_POINT ( 'NONE',  ( -150.0000000000000000, 0.000000000000000000, 56.00000000000000000 ) ) ;
#1985 = CONICAL_SURFACE ( 'NONE', #2184, 9.024999999999998579, 0.7853981633975870569 ) ;
#1986 = ORIENTED_EDGE ( 'NONE', *, *, #637, .T. ) ;
#1987 = EDGE_CURVE ( 'NONE', #97, #2767, #238, .T. ) ;
#1988 = CARTESIAN_POINT ( 'NONE',  ( -39.32871392089515439, -2.602085213965210642E-15, 56.00000000000000000 ) ) ;
#1989 = CARTESIAN_POINT ( 'NONE',  ( 150.0000000000000000, 14.00000000000000000, 75.00000000000000000 ) ) ;
#1990 = DIRECTION ( 'NONE',  ( -0.000000000000000000, -1.000000000000000000, -0.000000000000000000 ) ) ;
#1991 = AXIS2_PLACEMENT_3D ( 'NONE', #2445, #1440, #260 ) ;
#1992 = DIRECTION ( 'NONE',  ( 0.000000000000000000, -0.000000000000000000, 1.000000000000000000 ) ) ;
#1993 = VERTEX_POINT ( 'NONE', #756 ) ;
#1994 = ORIENTED_EDGE ( 'NONE', *, *, #2577, .F. ) ;
#1995 = SURFACE_STYLE_FILL_AREA ( #592 ) ;
#1996 = EDGE_LOOP ( 'NONE', ( #56, #1289, #544, #3004, #2832 ) ) ;
#1997 = ADVANCED_FACE ( 'NONE', ( #2879 ), #725, .F. ) ;
#1998 = CARTESIAN_POINT ( 'NONE',  ( -120.2237788006286792, -1.999999998155509662, -54.00000000000000000 ) ) ;
#1999 = EDGE_LOOP ( 'NONE', ( #447, #2969, #3034, #2925 ) ) ;
#2000 = CARTESIAN_POINT ( 'NONE',  ( 40.67128607910483140, -2.000000000000001776, -54.00000000000000000 ) ) ;
#2001 = CARTESIAN_POINT ( 'NONE',  ( -120.0000000000000000, 9.999999999999994671, -65.00000000000000000 ) ) ;
#2002 = DIRECTION ( 'NONE',  ( -0.000000000000000000, -1.000000000000000000, -0.000000000000000000 ) ) ;
#2003 = ADVANCED_FACE ( 'NONE', ( #2690 ), #1985, .F. ) ;
#2004 = CARTESIAN_POINT ( 'NONE',  ( -147.6839811761699366, -2.000000000000001776, 54.00000000000000000 ) ) ;
#2005 = VERTEX_POINT ( 'NONE', #774 ) ;
#2006 = ORIENTED_EDGE ( 'NONE', *, *, #2117, .F. ) ;
#2007 = DIRECTION ( 'NONE',  ( -0.000000000000000000, -1.000000000000000000, -0.000000000000000000 ) ) ;
#2008 = EDGE_LOOP ( 'NONE', ( #2697, #538, #1101, #898 ) ) ;
#2009 = CARTESIAN_POINT ( 'NONE',  ( 39.99999999999999289, -2.602085213965210642E-15, -55.97500000000000142 ) ) ;
#2010 = VERTEX_POINT ( 'NONE', #1984 ) ;
#2011 = FACE_OUTER_BOUND ( 'NONE', #910, .T. ) ;
#2012 = EDGE_CURVE ( 'NONE', #1122, #239, #2181, .T. ) ;
#2013 = CARTESIAN_POINT ( 'NONE',  ( -120.6712860791049309, -2.000000000000001776, 54.00000000000000000 ) ) ;
#2014 = DIRECTION ( 'NONE',  ( -0.000000000000000000, -1.000000000000000000, -0.000000000000000000 ) ) ;
#2015 = CARTESIAN_POINT ( 'NONE',  ( -39.99999999999999289, 14.00000000000000000, 65.00000000000000000 ) ) ;
#2016 = EDGE_CURVE ( 'NONE', #1420, #1248, #2572, .T. ) ;
#2017 = EDGE_CURVE ( 'NONE', #269, #49, #1883, .T. ) ;
#2018 = DIRECTION ( 'NONE',  ( 0.000000000000000000, -1.000000000000000000, 0.000000000000000000 ) ) ;
#2019 = CARTESIAN_POINT ( 'NONE',  ( 120.0000000000000142, -2.602085213965210642E-15, 74.02499999999999147 ) ) ;
#2020 = VERTEX_POINT ( 'NONE', #209 ) ;
#2021 = CIRCLE ( 'NONE', #1508, 5.500000000000005329 ) ;
#2022 = ORIENTED_EDGE ( 'NONE', *, *, #442, .T. ) ;
#2023 = AXIS2_PLACEMENT_3D ( 'NONE', #939, #2586, #914 ) ;
#2024 = VECTOR ( 'NONE', #3013, 1000.000000000000000 ) ;
#2025 = SURFACE_STYLE_USAGE ( .BOTH. , #92 ) ;
#2026 = ORIENTED_EDGE ( 'NONE', *, *, #1429, .T. ) ;
#2027 = CARTESIAN_POINT ( 'NONE',  ( -119.7762472565894853, -1.999999998155402192, -54.00000000000000000 ) ) ;
#2028 = VERTEX_POINT ( 'NONE', #1007 ) ;
#2029 = EDGE_LOOP ( 'NONE', ( #204, #1258, #2618, #2373, #772 ) ) ;
#2030 = CARTESIAN_POINT ( 'NONE',  ( 120.0000000000000142, 9.999999999999994671, 59.49999999999998579 ) ) ;
#2031 = VECTOR ( 'NONE', #2859, 1000.000000000000000 ) ;
#2032 = CARTESIAN_POINT ( 'NONE',  ( -120.0000000000000000, 0.000000000000000000, 65.00000000000000000 ) ) ;
#2033 = AXIS2_PLACEMENT_3D ( 'NONE', #1877, #2626, #1382 ) ;
#2034 = DIRECTION ( 'NONE',  ( -0.000000000000000000, -1.000000000000000000, -0.000000000000000000 ) ) ;
#2035 = CARTESIAN_POINT ( 'NONE',  ( 120.2262014000442178, 1.151776037511517049E-16, 55.96680231594656618 ) ) ;
#2036 = VECTOR ( 'NONE', #142, 1000.000000000000000 ) ;
#2037 = EDGE_CURVE ( 'NONE', #985, #1890, #810, .T. ) ;
#2038 = CIRCLE ( 'NONE', #1526, 6.000000000000000000 ) ;
#2039 = LINE ( 'NONE', #2758, #816 ) ;
#2040 = ORIENTED_EDGE ( 'NONE', *, *, #1061, .T. ) ;
#2041 = AXIS2_PLACEMENT_3D ( 'NONE', #713, #227, #1685 ) ;
#2042 = LINE ( 'NONE', #861, #2268 ) ;
#2043 = DIRECTION ( 'NONE',  ( -0.000000000000000000, -1.000000000000000000, -0.000000000000000000 ) ) ;
#2044 = ORIENTED_EDGE ( 'NONE', *, *, #2577, .T. ) ;
#2045 = CARTESIAN_POINT ( 'NONE',  ( 40.00000000000000711, -2.602085213965210642E-15, 65.00000000000000000 ) ) ;
#2046 = ORIENTED_EDGE ( 'NONE', *, *, #3132, .F. ) ;
#2047 = ORIENTED_EDGE ( 'NONE', *, *, #623, .F. ) ;
#2048 = DIRECTION ( 'NONE',  ( 0.000000000000000000, 0.000000000000000000, -1.000000000000000000 ) ) ;
#2049 =( BOUNDED_CURVE ( )  B_SPLINE_CURVE ( 3, ( #336, #1311, #3118, #2662 ),
 .UNSPECIFIED., .F., .T. ) 
 B_SPLINE_CURVE_WITH_KNOTS ( ( 4, 4 ),
 ( 0.000000000000000000, 1.570796326794863473 ),
 .UNSPECIFIED. ) 
 CURVE ( )  GEOMETRIC_REPRESENTATION_ITEM ( )  RATIONAL_B_SPLINE_CURVE ( ( 1.000000000000000000, 0.8047378541243728201, 0.8047378541243728201, 1.000000000000000000 ) ) 
 REPRESENTATION_ITEM ( '' )  );
#2050 = CARTESIAN_POINT ( 'NONE',  ( -120.0000000000000000, 9.999999999999994671, 65.00000000000000000 ) ) ;
#2051 = CARTESIAN_POINT ( 'NONE',  ( -39.99999999999999289, 0.02499999999999464456, 65.00000000000000000 ) ) ;
#2052 = CARTESIAN_POINT ( 'NONE',  ( 119.4160405319617837, -2.000000000000002665, -54.00000000000000000 ) ) ;
#2053 = FACE_OUTER_BOUND ( 'NONE', #1936, .T. ) ;
#2054 = ORIENTED_EDGE ( 'NONE', *, *, #1529, .T. ) ;
#2055 = EDGE_CURVE ( 'NONE', #2028, #1436, #1676, .T. ) ;
#2056 = CARTESIAN_POINT ( 'NONE',  ( 120.0000000000000000, 9.999999999999994671, -65.00000000000000000 ) ) ;
#2057 = ADVANCED_FACE ( 'NONE', ( #2644, #1197 ), #2171, .F. ) ;
#2058 = CARTESIAN_POINT ( 'NONE',  ( 38.00000000000000711, -141.0000000000000000, 54.00000000000000000 ) ) ;
#2059 = VERTEX_POINT ( 'NONE', #2009 ) ;
#2060 = CARTESIAN_POINT ( 'NONE',  ( -119.7738246996394196, 1.151843577368814052E-16, -55.96680036924271917 ) ) ;
#2061 = ORIENTED_EDGE ( 'NONE', *, *, #1959, .F. ) ;
#2062 = EDGE_LOOP ( 'NONE', ( #2257, #2550, #567, #190, #512 ) ) ;
#2063 = CARTESIAN_POINT ( 'NONE',  ( -40.23000019995381393, -0.03291433799963498080, 54.00000000000769518 ) ) ;
#2064 = DIRECTION ( 'NONE',  ( 0.4596467059976211966, 0.8881018554566453282, 0.000000000000000000 ) ) ;
#2065 = ORIENTED_EDGE ( 'NONE', *, *, #1769, .T. ) ;
#2066 = CARTESIAN_POINT ( 'NONE',  ( -40.00000000000000711, 0.000000000000000000, -59.50000000000000000 ) ) ;
#2067 = DIRECTION ( 'NONE',  ( -1.000000000000000000, 0.000000000000000000, 0.000000000000000000 ) ) ;
#2068 =( BOUNDED_CURVE ( )  B_SPLINE_CURVE ( 3, ( #1673, #2665, #2922, #1947 ),
 .UNSPECIFIED., .F., .F. ) 
 B_SPLINE_CURVE_WITH_KNOTS ( ( 4, 4 ),
 ( 1.570796326794923425, 3.141592653589796669 ),
 .UNSPECIFIED. ) 
 CURVE ( )  GEOMETRIC_REPRESENTATION_ITEM ( )  RATIONAL_B_SPLINE_CURVE ( ( 1.000000000000000000, 0.8047378541243705996, 0.8047378541243705996, 1.000000000000000000 ) ) 
 REPRESENTATION_ITEM ( '' )  );
#2069 = ORIENTED_EDGE ( 'NONE', *, *, #179, .F. ) ;
#2070 = CARTESIAN_POINT ( 'NONE',  ( 150.0000000000000000, 14.00000000000000000, 75.00000000000000000 ) ) ;
#2071 = CIRCLE ( 'NONE', #76, 9.025000000000005684 ) ;
#2072 = CARTESIAN_POINT ( 'NONE',  ( -39.99999999999999289, 9.999999999999994671, 59.50000000000000000 ) ) ;
#2073 = ORIENTED_EDGE ( 'NONE', *, *, #1637, .F. ) ;
#2074 = LINE ( 'NONE', #2816, #355 ) ;
#2075 = ADVANCED_FACE ( 'NONE', ( #353 ), #2686, .F. ) ;
#2076 = ORIENTED_EDGE ( 'NONE', *, *, #2170, .F. ) ;
#2077 = EDGE_CURVE ( 'NONE', #1546, #615, #711, .T. ) ;
#2078 = ORIENTED_EDGE ( 'NONE', *, *, #456, .T. ) ;
#2079 = CARTESIAN_POINT ( 'NONE',  ( 71.31444453095944880, -152.0315209439428656, 40.00000000000000000 ) ) ;
#2080 = AXIS2_PLACEMENT_3D ( 'NONE', #2032, #2769, #2973 ) ;
#2081 = CARTESIAN_POINT ( 'NONE',  ( 39.32871392089515439, -2.000000000000001776, -56.00000000000000000 ) ) ;
#2082 = ORIENTED_EDGE ( 'NONE', *, *, #1434, .T. ) ;
#2083 = CARTESIAN_POINT ( 'NONE',  ( 40.00000000000000711, 9.999999999999994671, 56.00000000000000711 ) ) ;
#2084 = DIRECTION ( 'NONE',  ( 0.000000000000000000, 1.000000000000000000, 0.000000000000000000 ) ) ;
#2085 = VECTOR ( 'NONE', #1023, 999.9999999999998863 ) ;
#2086 = VECTOR ( 'NONE', #1798, 1000.000000000000114 ) ;
#2087 = LINE ( 'NONE', #2525, #1425 ) ;
#2088 = EDGE_LOOP ( 'NONE', ( #1744, #172, #1150, #1246 ) ) ;
#2089 = AXIS2_PLACEMENT_3D ( 'NONE', #3115, #942, #2188 ) ;
#2090 = VECTOR ( 'NONE', #1250, 1000.000000000000000 ) ;
#2091 = FACE_OUTER_BOUND ( 'NONE', #1279, .T. ) ;
#2092 = AXIS2_PLACEMENT_3D ( 'NONE', #3090, #638, #1427 ) ;
#2093 = CARTESIAN_POINT ( 'NONE',  ( -40.00000000000000711, 0.000000000000000000, -65.00000000000000000 ) ) ;
#2094 = CONICAL_SURFACE ( 'NONE', #719, 9.024999999999998579, 0.7853981633975176679 ) ;
#2095 = DIRECTION ( 'NONE',  ( 8.659560562356134638E-17, -0.7071067811864494290, 0.7071067811866454944 ) ) ;
#2096 = ORIENTED_EDGE ( 'NONE', *, *, #806, .F. ) ;
#2097 = VERTEX_POINT ( 'NONE', #3015 ) ;
#2098 = DIRECTION ( 'NONE',  ( 0.000000000000000000, 0.000000000000000000, 1.000000000000000000 ) ) ;
#2099 = EDGE_CURVE ( 'NONE', #2530, #2097, #1470, .T. ) ;
#2100 = CARTESIAN_POINT ( 'NONE',  ( 40.00000000000000711, 9.999999999999994671, 65.00000000000000000 ) ) ;
#2101 = VERTEX_POINT ( 'NONE', #2531 ) ;
#2102 = CYLINDRICAL_SURFACE ( 'NONE', #455, 2.000000000000001776 ) ;
#2103 = CARTESIAN_POINT ( 'NONE',  ( -40.00000000000000711, 14.00000000000000000, -59.50000000000000000 ) ) ;
#2104 = DIRECTION ( 'NONE',  ( 0.000000000000000000, 0.000000000000000000, -1.000000000000000000 ) ) ;
#2105 = EDGE_CURVE ( 'NONE', #1363, #563, #72, .T. ) ;
#2106 = CARTESIAN_POINT ( 'NONE',  ( 150.0000000000000000, 0.000000000000000000, 75.00000000000000000 ) ) ;
#2107 = CARTESIAN_POINT ( 'NONE',  ( 40.67128607910485982, -2.000000000000001776, 54.00000000000000000 ) ) ;
#2108 = CARTESIAN_POINT ( 'NONE',  ( 40.00000000000000711, 0.000000000000000000, 65.00000000000000000 ) ) ;
#2109 = ORIENTED_EDGE ( 'NONE', *, *, #928, .F. ) ;
#2110 = ORIENTED_EDGE ( 'NONE', *, *, #2929, .T. ) ;
#2111 = CARTESIAN_POINT ( 'NONE',  ( 0.000000000000000000, 0.000000000000000000, 0.000000000000000000 ) ) ;
#2112 = LINE ( 'NONE', #886, #2274 ) ;
#2113 = ORIENTED_EDGE ( 'NONE', *, *, #1956, .F. ) ;
#2114 = FACE_OUTER_BOUND ( 'NONE', #2438, .T. ) ;
#2115 = DIRECTION ( 'NONE',  ( -1.000000000000000000, 0.000000000000000000, -0.000000000000000000 ) ) ;
#2116 = DIRECTION ( 'NONE',  ( -0.000000000000000000, -0.000000000000000000, -1.000000000000000000 ) ) ;
#2117 = EDGE_CURVE ( 'NONE', #659, #223, #2287, .T. ) ;
#2118 = ADVANCED_FACE ( 'NONE', ( #284 ), #831, .F. ) ;
#2119 = DIRECTION ( 'NONE',  ( -1.000000000000000000, 0.000000000000000000, 0.000000000000000000 ) ) ;
#2120 = CYLINDRICAL_SURFACE ( 'NONE', #2229, 23.99999999999993960 ) ;
#2121 = CARTESIAN_POINT ( 'NONE',  ( 120.0000000000000142, 14.00000000000000000, 65.00000000000000000 ) ) ;
#2122 = EDGE_LOOP ( 'NONE', ( #2611, #2988 ) ) ;
#2123 = EDGE_LOOP ( 'NONE', ( #1175, #1951, #664, #1401 ) ) ;
#2124 = CIRCLE ( 'NONE', #182, 9.024999999999998579 ) ;
#2125 = DIRECTION ( 'NONE',  ( -0.000000000000000000, -1.000000000000000000, -0.000000000000000000 ) ) ;
#2126 = EDGE_LOOP ( 'NONE', ( #726, #755, #2648, #3122 ) ) ;
#2127 = DIRECTION ( 'NONE',  ( -1.387778780781444413E-14, 0.000000000000000000, 1.000000000000000000 ) ) ;
#2128 = CARTESIAN_POINT ( 'NONE',  ( 50.00000000000000000, -141.0000000000000000, 54.00000000000000000 ) ) ;
#2129 = AXIS2_PLACEMENT_3D ( 'NONE', #2364, #1383, #390 ) ;
#2130 = DIRECTION ( 'NONE',  ( -0.000000000000000000, -1.000000000000000000, -0.000000000000000000 ) ) ;
#2131 = ORIENTED_EDGE ( 'NONE', *, *, #1218, .T. ) ;
#2132 = ADVANCED_FACE ( 'NONE', ( #48, #1072 ), #1262, .T. ) ;
#2133 = VECTOR ( 'NONE', #1635, 1000.000000000000000 ) ;
#2134 = DIRECTION ( 'NONE',  ( 1.000000000000000000, -0.000000000000000000, -0.000000000000000000 ) ) ;
#2135 = VECTOR ( 'NONE', #2095, 1000.000000000000000 ) ;
#2136 = LINE ( 'NONE', #1117, #2031 ) ;
#2137 = CYLINDRICAL_SURFACE ( 'NONE', #506, 5.500000000000005329 ) ;
#2138 = ORIENTED_EDGE ( 'NONE', *, *, #1670, .F. ) ;
#2139 = AXIS2_PLACEMENT_3D ( 'NONE', #1335, #3009, #1062 ) ;
#2140 = VERTEX_POINT ( 'NONE', #1327 ) ;
#2141 = CIRCLE ( 'NONE', #50, 9.024999999999991473 ) ;
#2142 = EDGE_CURVE ( 'NONE', #2140, #769, #2489, .T. ) ;
#2143 = CARTESIAN_POINT ( 'NONE',  ( 120.0000000000000000, 0.02499999999999464456, -74.00000000000001421 ) ) ;
#2144 = ORIENTED_EDGE ( 'NONE', *, *, #1390, .T. ) ;
#2145 = DIRECTION ( 'NONE',  ( 0.000000000000000000, -1.000000000000000000, 0.000000000000000000 ) ) ;
#2146 = CARTESIAN_POINT ( 'NONE',  ( 39.99999999999999289, -2.602085213965210642E-15, -65.00000000000000000 ) ) ;
#2147 = CARTESIAN_POINT ( 'NONE',  ( 120.0000000000000000, -2.602085213965210642E-15, -65.00000000000000000 ) ) ;
#2148 =( BOUNDED_CURVE ( )  B_SPLINE_CURVE ( 3, ( #2199, #1946, #986, #3109 ),
 .UNSPECIFIED., .F., .F. ) 
 B_SPLINE_CURVE_WITH_KNOTS ( ( 4, 4 ),
 ( 0.000000000000000000, 1.570796326794897446 ),
 .UNSPECIFIED. ) 
 CURVE ( )  GEOMETRIC_REPRESENTATION_ITEM ( )  RATIONAL_B_SPLINE_CURVE ( ( 1.000000000000000000, 0.8047378541243648264, 0.8047378541243648264, 1.000000000000000000 ) ) 
 REPRESENTATION_ITEM ( '' )  );
#2149 = ORIENTED_EDGE ( 'NONE', *, *, #1662, .F. ) ;
#2150 = FACE_OUTER_BOUND ( 'NONE', #210, .T. ) ;
#2151 = EDGE_CURVE ( 'NONE', #2262, #2359, #411, .T. ) ;
#2152 = DIRECTION ( 'NONE',  ( -0.000000000000000000, -1.000000000000000000, -0.000000000000000000 ) ) ;
#2153 = FACE_BOUND ( 'NONE', #401, .T. ) ;
#2154 = ORIENTED_EDGE ( 'NONE', *, *, #1238, .T. ) ;
#2155 = ORIENTED_EDGE ( 'NONE', *, *, #623, .T. ) ;
#2156 = EDGE_CURVE ( 'NONE', #439, #3033, #1783, .T. ) ;
#2157 = EDGE_CURVE ( 'NONE', #2744, #514, #535, .T. ) ;
#2158 = LINE ( 'NONE', #419, #1208 ) ;
#2159 = ORIENTED_EDGE ( 'NONE', *, *, #2385, .F. ) ;
#2160 = DIRECTION ( 'NONE',  ( 0.000000000000000000, 0.000000000000000000, -1.000000000000000000 ) ) ;
#2161 = ORIENTED_EDGE ( 'NONE', *, *, #1126, .T. ) ;
#2162 = DIRECTION ( 'NONE',  ( -1.000000000000000000, 0.000000000000000000, 0.000000000000000000 ) ) ;
#2163 = VERTEX_POINT ( 'NONE', #2970 ) ;
#2164 = PLANE ( 'NONE',  #1971 ) ;
#2165 = CARTESIAN_POINT ( 'NONE',  ( 39.99999999999999289, 0.000000000000000000, -56.00000000000000711 ) ) ;
#2166 = CARTESIAN_POINT ( 'NONE',  ( 120.6712860791047603, -2.602085213965210642E-15, 56.00000000000000000 ) ) ;
#2167 = ORIENTED_EDGE ( 'NONE', *, *, #906, .F. ) ;
#2168 = CARTESIAN_POINT ( 'NONE',  ( 120.0000000000000142, -2.602085213965210642E-15, 74.02499999999999147 ) ) ;
#2169 = EDGE_LOOP ( 'NONE', ( #37, #2333 ) ) ;
#2170 = EDGE_CURVE ( 'NONE', #1806, #1263, #798, .T. ) ;
#2171 = PLANE ( 'NONE',  #2433 ) ;
#2172 = ORIENTED_EDGE ( 'NONE', *, *, #378, .F. ) ;
#2173 = AXIS2_PLACEMENT_3D ( 'NONE', #650, #918, #252 ) ;
#2174 = DIRECTION ( 'NONE',  ( 0.000000000000000000, 0.000000000000000000, -1.000000000000000000 ) ) ;
#2175 = CARTESIAN_POINT ( 'NONE',  ( 150.0000000000000000, 0.000000000000000000, 56.00000000000000000 ) ) ;
#2176 = FACE_OUTER_BOUND ( 'NONE', #1053, .T. ) ;
#2177 = AXIS2_PLACEMENT_3D ( 'NONE', #1076, #2520, #547 ) ;
#2178 = DIRECTION ( 'NONE',  ( 0.000000000000000000, 0.000000000000000000, -1.000000000000000000 ) ) ;
#2179 = AXIS2_PLACEMENT_3D ( 'NONE', #2655, #2466, #1450 ) ;
#2180 = CARTESIAN_POINT ( 'NONE',  ( 39.99999999999999289, 9.999999999999994671, -56.00000000000000711 ) ) ;
#2181 = CIRCLE ( 'NONE', #558, 9.024999999999991473 ) ;
#2182 = DIRECTION ( 'NONE',  ( 0.000000000000000000, 0.000000000000000000, -1.000000000000000000 ) ) ;
#2183 = CARTESIAN_POINT ( 'NONE',  ( 40.00000000000000711, -2.602085213965210642E-15, 55.97500000000000142 ) ) ;
#2184 = AXIS2_PLACEMENT_3D ( 'NONE', #3128, #471, #1695 ) ;
#2185 = CARTESIAN_POINT ( 'NONE',  ( 50.00000000000000000, -2.000000000000001776, -54.00000000000000000 ) ) ;
#2186 = ORIENTED_EDGE ( 'NONE', *, *, #2305, .T. ) ;
#2187 = AXIS2_PLACEMENT_3D ( 'NONE', #1512, #110, #2959 ) ;
#2188 = DIRECTION ( 'NONE',  ( 0.000000000000000000, 0.000000000000000000, -1.000000000000000000 ) ) ;
#2189 = EDGE_LOOP ( 'NONE', ( #1020, #421, #2110, #2752, #960 ) ) ;
#2190 = EDGE_CURVE ( 'NONE', #1806, #1433, #1220, .T. ) ;
#2191 = AXIS2_PLACEMENT_3D ( 'NONE', #1384, #1907, #211 ) ;
#2192 = DIRECTION ( 'NONE',  ( -1.000000000000000000, 0.000000000000000000, 0.000000000000000000 ) ) ;
#2193 = DIRECTION ( 'NONE',  ( -0.000000000000000000, -1.000000000000000000, -0.000000000000000000 ) ) ;
#2194 = CARTESIAN_POINT ( 'NONE',  ( -39.99999999999999289, -2.602085213965210642E-15, 65.00000000000000000 ) ) ;
#2195 = DIRECTION ( 'NONE',  ( -0.000000000000000000, -1.000000000000000000, -0.000000000000000000 ) ) ;
#2196 = ADVANCED_FACE ( 'NONE', ( #3062 ), #2327, .F. ) ;
#2197 = CARTESIAN_POINT ( 'NONE',  ( -39.99999999999999289, 9.999999999999994671, 65.00000000000000000 ) ) ;
#2198 = ADVANCED_FACE ( 'NONE', ( #1356 ), #2137, .F. ) ;
#2199 = CARTESIAN_POINT ( 'NONE',  ( -150.0000000000000000, 0.000000000000000000, -56.00000000000000000 ) ) ;
#2200 = FACE_BOUND ( 'NONE', #2122, .T. ) ;
#2201 = PLANE ( 'NONE',  #2576 ) ;
#2202 = CARTESIAN_POINT ( 'NONE',  ( 71.31444453095944880, -152.0315209439428656, -40.00000000000000000 ) ) ;
#2203 = ORIENTED_EDGE ( 'NONE', *, *, #410, .F. ) ;
#2204 = CARTESIAN_POINT ( 'NONE',  ( -40.00000000000000711, -2.602085213965210642E-15, -65.00000000000000000 ) ) ;
#2205 = VERTEX_POINT ( 'NONE', #896 ) ;
#2206 = CARTESIAN_POINT ( 'NONE',  ( -120.2237527434105004, -1.999999998155402192, 54.00000000000000000 ) ) ;
#2207 = DIRECTION ( 'NONE',  ( 0.000000000000000000, 0.000000000000000000, -1.000000000000000000 ) ) ;
#2208 = CARTESIAN_POINT ( 'NONE',  ( 40.67128607910483140, -2.000000000000001776, -54.00000000000000000 ) ) ;
#2209 = EDGE_CURVE ( 'NONE', #208, #526, #814, .T. ) ;
#2210 = EDGE_CURVE ( 'NONE', #26, #472, #383, .T. ) ;
#2211 = CARTESIAN_POINT ( 'NONE',  ( -40.00000000000000711, 9.999999999999994671, -65.00000000000000000 ) ) ;
#2212 = EDGE_LOOP ( 'NONE', ( #2688, #530, #135, #3067, #332 ) ) ;
#2213 = FACE_BOUND ( 'NONE', #95, .T. ) ;
#2214 = ORIENTED_EDGE ( 'NONE', *, *, #3078, .F. ) ;
#2215 = CARTESIAN_POINT ( 'NONE',  ( 50.00000000000000000, -141.0000000000000000, -54.00000000000000000 ) ) ;
#2216 = ORIENTED_EDGE ( 'NONE', *, *, #59, .F. ) ;
#2217 = CARTESIAN_POINT ( 'NONE',  ( 39.99999999999999289, 9.999999999999994671, -65.00000000000000000 ) ) ;
#2218 = VERTEX_POINT ( 'NONE', #2311 ) ;
#2219 = CARTESIAN_POINT ( 'NONE',  ( -119.3287139208950407, 6.938893903907221278E-15, 54.00000000000000000 ) ) ;
#2220 = FACE_OUTER_BOUND ( 'NONE', #2811, .T. ) ;
#2221 = CARTESIAN_POINT ( 'NONE',  ( 0.000000000000000000, -2.000000000000000000, -56.00000000000000000 ) ) ;
#2222 = AXIS2_PLACEMENT_3D ( 'NONE', #1606, #654, #2559 ) ;
#2223 = AXIS2_PLACEMENT_3D ( 'NONE', #1850, #3008, #1044 ) ;
#2224 = CARTESIAN_POINT ( 'NONE',  ( 39.32871392089516860, -2.000000000000002665, 56.00000000000000000 ) ) ;
#2225 = ORIENTED_EDGE ( 'NONE', *, *, #1192, .T. ) ;
#2226 = AXIS2_PLACEMENT_3D ( 'NONE', #1661, #1105, #571 ) ;
#2227 = EDGE_CURVE ( 'NONE', #724, #223, #399, .T. ) ;
#2228 = CYLINDRICAL_SURFACE ( 'NONE', #3138, 5.500000000000005329 ) ;
#2229 = AXIS2_PLACEMENT_3D ( 'NONE', #398, #2596, #3029 ) ;
#2230 = ORIENTED_EDGE ( 'NONE', *, *, #1670, .T. ) ;
#2231 = AXIS2_PLACEMENT_3D ( 'NONE', #140, #1626, #2560 ) ;
#2232 = DIRECTION ( 'NONE',  ( -0.000000000000000000, -1.000000000000000000, -0.000000000000000000 ) ) ;
#2233 = EDGE_LOOP ( 'NONE', ( #884, #217, #1428, #2154, #1047 ) ) ;
#2234 = DIRECTION ( 'NONE',  ( 1.000000000000000000, 0.000000000000000000, -0.000000000000000000 ) ) ;
#2235 = ORIENTED_EDGE ( 'NONE', *, *, #3073, .T. ) ;
#2236 = ADVANCED_FACE ( 'NONE', ( #1387, #1869 ), #1596, .F. ) ;
#2237 = CIRCLE ( 'NONE', #867, 8.999999999999994671 ) ;
#2238 = FACE_OUTER_BOUND ( 'NONE', #819, .T. ) ;
#2239 = CARTESIAN_POINT ( 'NONE',  ( -120.0000000000000000, 9.999999999999994671, 74.00000000000000000 ) ) ;
#2240 = DIRECTION ( 'NONE',  ( -1.000000000000000000, 0.000000000000000000, 0.000000000000000000 ) ) ;
#2241 = AXIS2_PLACEMENT_3D ( 'NONE', #2457, #1501, #2675 ) ;
#2242 = CARTESIAN_POINT ( 'NONE',  ( 0.000000000000000000, -6.000000000000000000, -34.00000000000000000 ) ) ;
#2243 = ORIENTED_EDGE ( 'NONE', *, *, #2368, .T. ) ;
#2244 = ORIENTED_EDGE ( 'NONE', *, *, #681, .T. ) ;
#2245 = EDGE_CURVE ( 'NONE', #239, #877, #1016, .T. ) ;
#2246 = CARTESIAN_POINT ( 'NONE',  ( 50.00000000000000000, -141.0000000000000000, -40.00000000000000000 ) ) ;
#2247 = ORIENTED_EDGE ( 'NONE', *, *, #1219, .T. ) ;
#2248 = CARTESIAN_POINT ( 'NONE',  ( -145.5877847015998725, -3.810172225719257622, 40.00000000000000000 ) ) ;
#2249 = EDGE_CURVE ( 'NONE', #335, #2448, #925, .T. ) ;
#2250 = ORIENTED_EDGE ( 'NONE', *, *, #968, .F. ) ;
#2251 = DIRECTION ( 'NONE',  ( 0.000000000000000000, -0.000000000000000000, 1.000000000000000000 ) ) ;
#2252 = LINE ( 'NONE', #1552, #394 ) ;
#2253 = DIRECTION ( 'NONE',  ( 0.000000000000000000, -0.000000000000000000, 1.000000000000000000 ) ) ;
#2254 = CARTESIAN_POINT ( 'NONE',  ( -120.0000000000000000, 14.00000000000000000, -59.50000000000000711 ) ) ;
#2255 = CARTESIAN_POINT ( 'NONE',  ( 150.0000000000000000, 0.000000000000000000, 34.00000000000000711 ) ) ;
#2256 = ORIENTED_EDGE ( 'NONE', *, *, #1275, .F. ) ;
#2257 = ORIENTED_EDGE ( 'NONE', *, *, #378, .T. ) ;
#2258 = DIRECTION ( 'NONE',  ( 0.000000000000000000, 0.000000000000000000, -1.000000000000000000 ) ) ;
#2259 = VERTEX_POINT ( 'NONE', #1843 ) ;
#2260 = CARTESIAN_POINT ( 'NONE',  ( 39.99999999999999289, 14.00000000000000000, -65.00000000000000000 ) ) ;
#2261 = EDGE_LOOP ( 'NONE', ( #1742, #3052, #418, #1801, #2149 ) ) ;
#2262 = VERTEX_POINT ( 'NONE', #1340 ) ;
#2263 = CARTESIAN_POINT ( 'NONE',  ( 40.00000000000000711, 9.999999999999994671, 65.00000000000000000 ) ) ;
#2264 = EDGE_CURVE ( 'NONE', #2498, #2568, #2637, .T. ) ;
#2265 = CARTESIAN_POINT ( 'NONE',  ( -120.3110886344474437, -2.000000000000000000, 54.00000000000000000 ) ) ;
#2266 = DIRECTION ( 'NONE',  ( 0.000000000000000000, 0.000000000000000000, -1.000000000000000000 ) ) ;
#2267 = LINE ( 'NONE', #1093, #1923 ) ;
#2268 = VECTOR ( 'NONE', #137, 1000.000000000000000 ) ;
#2269 = DIRECTION ( 'NONE',  ( 0.000000000000000000, 0.000000000000000000, -1.000000000000000000 ) ) ;
#2270 = CARTESIAN_POINT ( 'NONE',  ( -40.22620140004416811, 1.151776037474064645E-16, -55.96680231594763910 ) ) ;
#2271 = ORIENTED_EDGE ( 'NONE', *, *, #791, .F. ) ;
#2272 = AXIS2_PLACEMENT_3D ( 'NONE', #761, #2002, #3136 ) ;
#2273 = EDGE_LOOP ( 'NONE', ( #495, #2729 ) ) ;
#2274 = VECTOR ( 'NONE', #2332, 1000.000000000000000 ) ;
#2275 = CIRCLE ( 'NONE', #1414, 8.999999999999994671 ) ;
#2276 = CARTESIAN_POINT ( 'NONE',  ( 40.00000000000000711, 0.02499999999999464456, 56.00000000000000711 ) ) ;
#2277 = ORIENTED_EDGE ( 'NONE', *, *, #3012, .F. ) ;
#2278 = CARTESIAN_POINT ( 'NONE',  ( -119.3287139208950407, -2.000000000000001776, -54.00000000000000000 ) ) ;
#2279 = ORIENTED_EDGE ( 'NONE', *, *, #2016, .T. ) ;
#2280 = EDGE_LOOP ( 'NONE', ( #2216, #384, #112, #938 ) ) ;
#2281 = APPLICATION_PROTOCOL_DEFINITION ( 'draft international standard', 'automotive_design', 1998, #570 ) ;
#2282 = CIRCLE ( 'NONE', #3134, 8.999999999999994671 ) ;
#2283 = CARTESIAN_POINT ( 'NONE',  ( 120.0000000000000142, 0.000000000000000000, 70.50000000000000000 ) ) ;
#2284 = DIRECTION ( 'NONE',  ( 0.000000000000000000, 0.000000000000000000, -1.000000000000000000 ) ) ;
#2285 = CARTESIAN_POINT ( 'NONE',  ( 0.000000000000000000, -6.000000000000000000, -40.00000000000000000 ) ) ;
#2286 = EDGE_CURVE ( 'NONE', #1974, #1546, #1581, .T. ) ;
#2287 = CIRCLE ( 'NONE', #1837, 9.024999999999998579 ) ;
#2288 = VECTOR ( 'NONE', #426, 1000.000000000000000 ) ;
#2289 = CARTESIAN_POINT ( 'NONE',  ( 120.0000000000000142, 9.999999999999994671, 65.00000000000000000 ) ) ;
#2290 = ORIENTED_EDGE ( 'NONE', *, *, #2521, .F. ) ;
#2291 = DIRECTION ( 'NONE',  ( 0.000000000000000000, 0.000000000000000000, -1.000000000000000000 ) ) ;
#2292 = EDGE_CURVE ( 'NONE', #1643, #930, #2074, .T. ) ;
#2293 = LINE ( 'NONE', #2482, #2085 ) ;
#2294 = ORIENTED_EDGE ( 'NONE', *, *, #1728, .F. ) ;
#2295 = DIRECTION ( 'NONE',  ( 0.000000000000000000, 0.000000000000000000, -1.000000000000000000 ) ) ;
#2296 = ORIENTED_EDGE ( 'NONE', *, *, #2478, .F. ) ;
#2297 = ORIENTED_EDGE ( 'NONE', *, *, #1290, .F. ) ;
#2298 = CARTESIAN_POINT ( 'NONE',  ( -120.0000000000000000, -2.602085213965210642E-15, 65.00000000000000000 ) ) ;
#2299 = DIRECTION ( 'NONE',  ( -0.000000000000000000, -0.000000000000000000, -1.000000000000000000 ) ) ;
#2300 = ORIENTED_EDGE ( 'NONE', *, *, #579, .T. ) ;
#2301 = DIRECTION ( 'NONE',  ( 0.000000000000000000, 0.000000000000000000, -1.000000000000000000 ) ) ;
#2302 = DIRECTION ( 'NONE',  ( 0.000000000000000000, 0.000000000000000000, -1.000000000000000000 ) ) ;
#2303 = CARTESIAN_POINT ( 'NONE',  ( 150.0000000000000000, 0.000000000000000000, 56.00000000000000000 ) ) ;
#2304 = EDGE_LOOP ( 'NONE', ( #1790, #1844 ) ) ;
#2305 = EDGE_CURVE ( 'NONE', #1674, #840, #2548, .T. ) ;
#2306 = EDGE_CURVE ( 'NONE', #1652, #2262, #2436, .T. ) ;
#2307 = CARTESIAN_POINT ( 'NONE',  ( -39.99999999999999289, 0.000000000000000000, 56.00000000000000711 ) ) ;
#2308 = ADVANCED_FACE ( 'NONE', ( #630 ), #2563, .F. ) ;
#2309 =( LENGTH_UNIT ( ) NAMED_UNIT ( * ) SI_UNIT ( .MILLI., .METRE. ) );
#2310 = ORIENTED_EDGE ( 'NONE', *, *, #24, .F. ) ;
#2311 = CARTESIAN_POINT ( 'NONE',  ( 40.67128607910483140, -2.000000000000001776, -54.00000000000000000 ) ) ;
#2312 = VERTEX_POINT ( 'NONE', #865 ) ;
#2313 = ORIENTED_EDGE ( 'NONE', *, *, #2099, .T. ) ;
#2314 =( NAMED_UNIT ( * ) PLANE_ANGLE_UNIT ( ) SI_UNIT ( $, .RADIAN. ) );
#2315 = CARTESIAN_POINT ( 'NONE',  ( -39.41604053197395530, -2.000000000000001776, 54.00000000000000000 ) ) ;
#2316 = ORIENTED_EDGE ( 'NONE', *, *, #2654, .T. ) ;
#2317 = CYLINDRICAL_SURFACE ( 'NONE', #1321, 5.500000000000005329 ) ;
#2318 = CARTESIAN_POINT ( 'NONE',  ( 119.7738246996394480, 1.151843577400497665E-16, 55.96680036924180257 ) ) ;
#2319 = DIRECTION ( 'NONE',  ( 0.000000000000000000, 0.000000000000000000, -1.000000000000000000 ) ) ;
#2320 = ORIENTED_EDGE ( 'NONE', *, *, #2012, .F. ) ;
#2321 = CARTESIAN_POINT ( 'NONE',  ( 120.0000000000000142, 0.000000000000000000, 65.00000000000000000 ) ) ;
#2322 = EDGE_CURVE ( 'NONE', #1888, #1876, #1065, .T. ) ;
#2323 = VECTOR ( 'NONE', #53, 1000.000000000000000 ) ;
#2324 = CARTESIAN_POINT ( 'NONE',  ( 119.3287139208950549, 0.000000000000000000, -56.00000000000000711 ) ) ;
#2325 = EDGE_LOOP ( 'NONE', ( #2384, #644 ) ) ;
#2326 = AXIS2_PLACEMENT_3D ( 'NONE', #1649, #2616, #3056 ) ;
#2327 = CYLINDRICAL_SURFACE ( 'NONE', #3043, 5.500000000000005329 ) ;
#2328 = ORIENTED_EDGE ( 'NONE', *, *, #2812, .F. ) ;
#2329 = ORIENTED_EDGE ( 'NONE', *, *, #1275, .T. ) ;
#2330 = DIRECTION ( 'NONE',  ( 0.000000000000000000, 0.000000000000000000, -1.000000000000000000 ) ) ;
#2331 = VECTOR ( 'NONE', #2738, 1000.000000000000000 ) ;
#2332 = DIRECTION ( 'NONE',  ( -0.000000000000000000, -1.000000000000000000, -0.000000000000000000 ) ) ;
#2333 = ORIENTED_EDGE ( 'NONE', *, *, #1296, .T. ) ;
#2334 = LINE ( 'NONE', #666, #2535 ) ;
#2335 = CARTESIAN_POINT ( 'NONE',  ( 120.0000000000000142, 9.999999999999994671, 65.00000000000000000 ) ) ;
#2336 = AXIS2_PLACEMENT_3D ( 'NONE', #2093, #3061, #924 ) ;
#2337 = EDGE_CURVE ( 'NONE', #2820, #1002, #1169, .T. ) ;
#2338 = CARTESIAN_POINT ( 'NONE',  ( 120.0000000000000000, 0.02499999999999464456, -65.00000000000000000 ) ) ;
#2339 = VECTOR ( 'NONE', #1532, 1000.000000000000000 ) ;
#2340 = AXIS2_PLACEMENT_3D ( 'NONE', #777, #742, #2914 ) ;
#2341 = DIRECTION ( 'NONE',  ( 0.000000000000000000, -1.000000000000000000, 0.000000000000000000 ) ) ;
#2342 = AXIS2_PLACEMENT_3D ( 'NONE', #876, #2869, #1143 ) ;
#2343 = DIRECTION ( 'NONE',  ( -0.000000000000000000, -0.000000000000000000, -1.000000000000000000 ) ) ;
#2344 = EDGE_CURVE ( 'NONE', #2097, #1694, #2848, .T. ) ;
#2345 = CARTESIAN_POINT ( 'NONE',  ( -39.99999999999999289, -2.602085213965210642E-15, 65.00000000000000000 ) ) ;
#2346 = ORIENTED_EDGE ( 'NONE', *, *, #1154, .T. ) ;
#2347 = ORIENTED_EDGE ( 'NONE', *, *, #2521, .T. ) ;
#2348 = CARTESIAN_POINT ( 'NONE',  ( 120.0000000000000142, -2.602085213965210642E-15, 65.00000000000000000 ) ) ;
#2349 = PLANE ( 'NONE',  #955 ) ;
#2350 = ADVANCED_FACE ( 'NONE', ( #1899 ), #2639, .F. ) ;
#2351 = ORIENTED_EDGE ( 'NONE', *, *, #2868, .F. ) ;
#2352 = EDGE_CURVE ( 'NONE', #1263, #1890, #703, .T. ) ;
#2353 = CARTESIAN_POINT ( 'NONE',  ( 120.0000000000000000, -2.602085213965210642E-15, -65.00000000000000000 ) ) ;
#2354 = CARTESIAN_POINT ( 'NONE',  ( 120.6712860791049309, -2.000000000000000000, -56.00000000000000000 ) ) ;
#2355 = CARTESIAN_POINT ( 'NONE',  ( 0.000000000000000000, -0.000000000000000000, -56.00000000000000000 ) ) ;
#2356 = CYLINDRICAL_SURFACE ( 'NONE', #1506, 8.999999999999994671 ) ;
#2357 = CARTESIAN_POINT ( 'NONE',  ( 119.7699741063392764, -0.03291242157512185018, -54.00000000000769518 ) ) ;
#2358 = CARTESIAN_POINT ( 'NONE',  ( 50.00000000000000000, -141.0000000000000000, 54.00000000000000000 ) ) ;
#2359 = VERTEX_POINT ( 'NONE', #467 ) ;
#2360 = VERTEX_POINT ( 'NONE', #2166 ) ;
#2361 = CYLINDRICAL_SURFACE ( 'NONE', #2881, 9.000000000000007105 ) ;
#2362 = EDGE_LOOP ( 'NONE', ( #2564, #2806, #3010, #2656 ) ) ;
#2363 = CYLINDRICAL_SURFACE ( 'NONE', #1216, 8.999999999999994671 ) ;
#2364 = CARTESIAN_POINT ( 'NONE',  ( -40.00000000000000711, 0.000000000000000000, -65.00000000000000000 ) ) ;
#2365 = EDGE_CURVE ( 'NONE', #2600, #2005, #2068, .T. ) ;
#2366 = LINE ( 'NONE', #177, #569 ) ;
#2367 = DIRECTION ( 'NONE',  ( -0.000000000000000000, -1.000000000000000000, -0.000000000000000000 ) ) ;
#2368 = EDGE_CURVE ( 'NONE', #2997, #740, #2842, .T. ) ;
#2369 = CARTESIAN_POINT ( 'NONE',  ( 120.2261753003609073, 1.151843577400058614E-16, -55.96680036924181678 ) ) ;
#2370 = CARTESIAN_POINT ( 'NONE',  ( -120.0000000000000000, -2.602085213965210642E-15, -74.02500000000000568 ) ) ;
#2371 = ORIENTED_EDGE ( 'NONE', *, *, #122, .T. ) ;
#2372 = AXIS2_PLACEMENT_3D ( 'NONE', #1443, #1884, #441 ) ;
#2373 = ORIENTED_EDGE ( 'NONE', *, *, #492, .F. ) ;
#2374 = CIRCLE ( 'NONE', #750, 8.999999999999994671 ) ;
#2375 = CARTESIAN_POINT ( 'NONE',  ( -39.99999999999999289, 9.999999999999994671, 65.00000000000000000 ) ) ;
#2376 = ORIENTED_EDGE ( 'NONE', *, *, #551, .T. ) ;
#2377 = DIRECTION ( 'NONE',  ( 1.000000000000000000, 0.000000000000000000, -0.000000000000000000 ) ) ;
#2378 = DIRECTION ( 'NONE',  ( 0.000000000000000000, 0.000000000000000000, -1.000000000000000000 ) ) ;
#2379 = AXIS2_PLACEMENT_3D ( 'NONE', #2354, #164, #2627 ) ;
#2380 = VECTOR ( 'NONE', #234, 1000.000000000000000 ) ;
#2381 = EDGE_CURVE ( 'NONE', #514, #2971, #735, .T. ) ;
#2382 = DIRECTION ( 'NONE',  ( 0.000000000000000000, -1.000000000000000000, 0.000000000000000000 ) ) ;
#2383 = AXIS2_PLACEMENT_3D ( 'NONE', #2001, #2756, #802 ) ;
#2384 = ORIENTED_EDGE ( 'NONE', *, *, #522, .T. ) ;
#2385 = EDGE_CURVE ( 'NONE', #2101, #55, #446, .T. ) ;
#2386 = AXIS2_PLACEMENT_3D ( 'NONE', #1215, #1437, #2160 ) ;
#2387 = FACE_BOUND ( 'NONE', #1965, .T. ) ;
#2388 = AXIS2_PLACEMENT_3D ( 'NONE', #1291, #817, #2750 ) ;
#2389 = DIRECTION ( 'NONE',  ( -0.000000000000000000, -1.000000000000000000, -0.000000000000000000 ) ) ;
#2390 = CARTESIAN_POINT ( 'NONE',  ( 119.3287139208952823, -2.000000000000001776, 54.00000000000000000 ) ) ;
#2391 = ORIENTED_EDGE ( 'NONE', *, *, #1448, .F. ) ;
#2392 = VECTOR ( 'NONE', #760, 1000.000000000000000 ) ;
#2393 = ORIENTED_EDGE ( 'NONE', *, *, #2264, .F. ) ;
#2394 = AXIS2_PLACEMENT_3D ( 'NONE', #61, #1442, #545 ) ;
#2395 = DIRECTION ( 'NONE',  ( 0.000000000000000000, 0.000000000000000000, -1.000000000000000000 ) ) ;
#2396 = ORIENTED_EDGE ( 'NONE', *, *, #826, .T. ) ;
#2397 = CARTESIAN_POINT ( 'NONE',  ( -40.04910883137972633, -1.999809952871509866, -54.00000000000000000 ) ) ;
#2398 = CARTESIAN_POINT ( 'NONE',  ( -120.6712860791049167, -2.000000000000001776, -56.00000000000000000 ) ) ;
#2399 = ORIENTED_EDGE ( 'NONE', *, *, #1109, .F. ) ;
#2400 = CARTESIAN_POINT ( 'NONE',  ( 0.000000000000000000, -0.000000000000000000, -56.00000000000000000 ) ) ;
#2401 = ORIENTED_EDGE ( 'NONE', *, *, #2385, .T. ) ;
#2402 = CARTESIAN_POINT ( 'NONE',  ( 119.3287139208952539, -2.602085213965210642E-15, 56.00000000000000000 ) ) ;
#2403 = EDGE_CURVE ( 'NONE', #129, #1546, #1376, .T. ) ;
#2404 = CYLINDRICAL_SURFACE ( 'NONE', #1415, 5.500000000000005329 ) ;
#2405 = DIRECTION ( 'NONE',  ( 0.7568550267726046332, -0.6535827938746858745, 0.000000000000000000 ) ) ;
#2406 = ORIENTED_EDGE ( 'NONE', *, *, #2264, .T. ) ;
#2407 = CARTESIAN_POINT ( 'NONE',  ( 146.8946352053642670, -6.000000000000005329, -40.00000000000000000 ) ) ;
#2408 = EDGE_LOOP ( 'NONE', ( #2109, #2870 ) ) ;
#2409 = DIRECTION ( 'NONE',  ( 0.000000000000000000, 0.000000000000000000, 1.000000000000000000 ) ) ;
#2410 = ORIENTED_EDGE ( 'NONE', *, *, #998, .F. ) ;
#2411 = CARTESIAN_POINT ( 'NONE',  ( 39.76997410633956065, -0.03291242157394079493, -54.00000000000769518 ) ) ;
#2412 = DIRECTION ( 'NONE',  ( 1.000000000000000000, 1.522074307058031767E-16, 0.000000000000000000 ) ) ;
#2413 = CARTESIAN_POINT ( 'NONE',  ( -149.0595735200051877, -6.000000000000000000, 34.00000000000000711 ) ) ;
#2414 = LINE ( 'NONE', #3137, #1528 ) ;
#2415 = CARTESIAN_POINT ( 'NONE',  ( 39.77382469963887957, 1.151843577403304037E-16, 55.96680036924171731 ) ) ;
#2416 = CARTESIAN_POINT ( 'NONE',  ( -39.99999999999999289, 9.999999999999994671, 56.00000000000000711 ) ) ;
#2417 = DIRECTION ( 'NONE',  ( 0.000000000000000000, 0.000000000000000000, 1.000000000000000000 ) ) ;
#2418 = ADVANCED_FACE ( 'NONE', ( #1432, #1721 ), #216, .T. ) ;
#2419 = ORIENTED_EDGE ( 'NONE', *, *, #1789, .T. ) ;
#2420 = CARTESIAN_POINT ( 'NONE',  ( 40.67128607910485982, -2.000000000000001776, 54.00000000000000000 ) ) ;
#2421 = ORIENTED_EDGE ( 'NONE', *, *, #347, .T. ) ;
#2422 = CIRCLE ( 'NONE', #2825, 23.99999999999993960 ) ;
#2423 = DIRECTION ( 'NONE',  ( 0.000000000000000000, 0.000000000000000000, -1.000000000000000000 ) ) ;
#2424 = ORIENTED_EDGE ( 'NONE', *, *, #681, .F. ) ;
#2425 = AXIS2_PLACEMENT_3D ( 'NONE', #1268, #226, #728 ) ;
#2426 = CARTESIAN_POINT ( 'NONE',  ( -150.0000000000000284, -2.000000000000001776, 54.00000000000000000 ) ) ;
#2427 = DIRECTION ( 'NONE',  ( 0.000000000000000000, 0.000000000000000000, -1.000000000000000000 ) ) ;
#2428 = DIRECTION ( 'NONE',  ( 0.000000000000000000, 0.000000000000000000, -1.000000000000000000 ) ) ;
#2429 = EDGE_CURVE ( 'NONE', #2205, #1418, #1810, .T. ) ;
#2430 = FACE_OUTER_BOUND ( 'NONE', #2949, .T. ) ;
#2431 = CARTESIAN_POINT ( 'NONE',  ( 39.99999999999999289, -2.602085213965210642E-15, -74.02500000000000568 ) ) ;
#2432 = CIRCLE ( 'NONE', #1724, 8.999999999999994671 ) ;
#2433 = AXIS2_PLACEMENT_3D ( 'NONE', #1950, #2484, #1547 ) ;
#2434 = DIRECTION ( 'NONE',  ( 0.000000000000000000, 0.000000000000000000, -1.000000000000000000 ) ) ;
#2435 = CYLINDRICAL_SURFACE ( 'NONE', #1934, 2.000000000000001776 ) ;
#2436 = CIRCLE ( 'NONE', #2793, 9.024999999999998579 ) ;
#2437 = DIRECTION ( 'NONE',  ( -0.000000000000000000, -1.000000000000000000, -0.000000000000000000 ) ) ;
#2438 = EDGE_LOOP ( 'NONE', ( #2780, #676, #541, #148 ) ) ;
#2439 = FACE_OUTER_BOUND ( 'NONE', #406, .T. ) ;
#2440 = ORIENTED_EDGE ( 'NONE', *, *, #144, .F. ) ;
#2441 = AXIS2_PLACEMENT_3D ( 'NONE', #438, #1408, #2382 ) ;
#2442 = ADVANCED_FACE ( 'NONE', ( #2213, #2873, #2153, #22, #2200, #987, #686, #2891, #721 ), #1691, .F. ) ;
#2443 = ADVANCED_FACE ( 'NONE', ( #1464 ), #2435, .F. ) ;
#2444 = CARTESIAN_POINT ( 'NONE',  ( 39.77622119937138478, -1.999999998155509662, -54.00000000000000000 ) ) ;
#2445 = CARTESIAN_POINT ( 'NONE',  ( -120.0000000000000000, -2.602085213965210642E-15, 65.00000000000000000 ) ) ;
#2446 = FACE_OUTER_BOUND ( 'NONE', #1292, .T. ) ;
#2447 = FACE_BOUND ( 'NONE', #114, .T. ) ;
#2448 = VERTEX_POINT ( 'NONE', #251 ) ;
#2449 = CARTESIAN_POINT ( 'NONE',  ( 40.00000000000000711, 0.02499999999999464456, 65.00000000000000000 ) ) ;
#2450 = DIRECTION ( 'NONE',  ( 0.000000000000000000, -0.7071067811864494290, -0.7071067811866454944 ) ) ;
#2451 = ORIENTED_EDGE ( 'NONE', *, *, #1491, .T. ) ;
#2452 = DIRECTION ( 'NONE',  ( -0.000000000000000000, -0.000000000000000000, 1.000000000000000000 ) ) ;
#2453 = VERTEX_POINT ( 'NONE', #9 ) ;
#2454 = DIRECTION ( 'NONE',  ( -1.000000000000000000, -1.626303258728256898E-16, 0.000000000000000000 ) ) ;
#2455 = ORIENTED_EDGE ( 'NONE', *, *, #1429, .F. ) ;
#2456 = FACE_BOUND ( 'NONE', #1610, .T. ) ;
#2457 = CARTESIAN_POINT ( 'NONE',  ( 120.0000000000000000, 9.999999999999994671, -65.00000000000000000 ) ) ;
#2458 = CYLINDRICAL_SURFACE ( 'NONE', #80, 8.999999999999994671 ) ;
#2459 = EDGE_CURVE ( 'NONE', #691, #1080, #3144, .T. ) ;
#2460 = CARTESIAN_POINT ( 'NONE',  ( 38.00000000000000711, -141.0000000000000000, 54.00000000000000000 ) ) ;
#2461 = ORIENTED_EDGE ( 'NONE', *, *, #870, .T. ) ;
#2462 = CARTESIAN_POINT ( 'NONE',  ( -120.0000000000000000, 0.000000000000000000, -65.00000000000000000 ) ) ;
#2463 = ORIENTED_EDGE ( 'NONE', *, *, #2980, .F. ) ;
#2464 = EDGE_CURVE ( 'NONE', #2732, #2259, #1741, .T. ) ;
#2465 =( BOUNDED_SURFACE ( )  B_SPLINE_SURFACE ( 3, 2, ( 
 ( #2771, #1347, #1781 ),
 ( #2318, #131, #2740 ),
 ( #2035, #1554, #1799 ),
 ( #1315, #601, #10 ) ),
 .UNSPECIFIED., .F., .F., .F. ) 
 B_SPLINE_SURFACE_WITH_KNOTS ( ( 4, 4 ),
 ( 3, 3 ),
 ( 0.006593514117990671025, 0.007951212332966424434 ),
 ( 0.000000000000000000, 1.000000000000000000 ),
 .UNSPECIFIED. ) 
 GEOMETRIC_REPRESENTATION_ITEM ( )  RATIONAL_B_SPLINE_SURFACE ( (
 ( 1.000000000000000000, 0.7071067811865460184, 1.000000000000000000),
 ( 1.000000000000000000, 0.7129803012494291270, 1.000000000000000000),
 ( 1.000000000000000000, 0.7129799938122303171, 1.000000000000000000),
 ( 1.000000000000000000, 0.7071067811865460184, 1.000000000000000000) ) ) 
 REPRESENTATION_ITEM ( '' )  SURFACE ( )  );
#2466 = DIRECTION ( 'NONE',  ( -0.000000000000000000, -1.000000000000000000, -0.000000000000000000 ) ) ;
#2467 = ORIENTED_EDGE ( 'NONE', *, *, #892, .F. ) ;
#2468 = DIRECTION ( 'NONE',  ( 0.000000000000000000, 0.000000000000000000, -1.000000000000000000 ) ) ;
#2469 = ORIENTED_EDGE ( 'NONE', *, *, #1238, .F. ) ;
#2470 = PLANE ( 'NONE',  #454 ) ;
#2471 = LINE ( 'NONE', #2175, #617 ) ;
#2472 = FACE_OUTER_BOUND ( 'NONE', #1139, .T. ) ;
#2473 = VECTOR ( 'NONE', #2545, 1000.000000000000000 ) ;
#2474 = EDGE_CURVE ( 'NONE', #3100, #472, #2237, .T. ) ;
#2475 = DIRECTION ( 'NONE',  ( -0.000000000000000000, -0.000000000000000000, -1.000000000000000000 ) ) ;
#2476 = ORIENTED_EDGE ( 'NONE', *, *, #2797, .F. ) ;
#2477 = AXIS2_PLACEMENT_3D ( 'NONE', #932, #2867, #693 ) ;
#2478 = EDGE_CURVE ( 'NONE', #563, #1436, #1236, .T. ) ;
#2479 = CIRCLE ( 'NONE', #2678, 23.99999999999993960 ) ;
#2480 = ORIENTED_EDGE ( 'NONE', *, *, #3131, .T. ) ;
#2481 = CIRCLE ( 'NONE', #2633, 8.999999999999994671 ) ;
#2482 = CARTESIAN_POINT ( 'NONE',  ( -150.0000000000000000, 0.000000000000000000, -40.00000000000000000 ) ) ;
#2483 = EDGE_LOOP ( 'NONE', ( #1006, #2598, #710, #2351, #3149 ) ) ;
#2484 = DIRECTION ( 'NONE',  ( 0.000000000000000000, 1.000000000000000000, 0.000000000000000000 ) ) ;
#2485 = AXIS2_PLACEMENT_3D ( 'NONE', #635, #2145, #3055 ) ;
#2486 = EDGE_LOOP ( 'NONE', ( #162, #613, #3016, #1039 ) ) ;
#2487 = DIRECTION ( 'NONE',  ( -0.000000000000000000, -1.000000000000000000, -0.000000000000000000 ) ) ;
#2488 =( BOUNDED_CURVE ( )  B_SPLINE_CURVE ( 3, ( #973, #2664, #1960, #1704 ),
 .UNSPECIFIED., .F., .F. ) 
 B_SPLINE_CURVE_WITH_KNOTS ( ( 4, 4 ),
 ( 3.141592653589792228, 4.712388980384690562 ),
 .UNSPECIFIED. ) 
 CURVE ( )  GEOMETRIC_REPRESENTATION_ITEM ( )  RATIONAL_B_SPLINE_CURVE ( ( 1.000000000000000000, 0.8047378541243646044, 0.8047378541243646044, 1.000000000000000000 ) ) 
 REPRESENTATION_ITEM ( '' )  );
#2489 = CIRCLE ( 'NONE', #763, 5.500000000000005329 ) ;
#2490 = DIRECTION ( 'NONE',  ( -0.000000000000000000, -1.000000000000000000, -0.000000000000000000 ) ) ;
#2491 = FACE_OUTER_BOUND ( 'NONE', #2852, .T. ) ;
#2492 = PLANE ( 'NONE',  #1110 ) ;
#2493 = AXIS2_PLACEMENT_3D ( 'NONE', #1187, #1651, #2104 ) ;
#2494 = AXIS2_PLACEMENT_3D ( 'NONE', #2601, #371, #2330 ) ;
#2495 = FACE_OUTER_BOUND ( 'NONE', #1184, .T. ) ;
#2496 = DIRECTION ( 'NONE',  ( 0.000000000000000000, 0.000000000000000000, -1.000000000000000000 ) ) ;
#2497 = ORIENTED_EDGE ( 'NONE', *, *, #258, .F. ) ;
#2498 = VERTEX_POINT ( 'NONE', #1682 ) ;
#2499 = EDGE_CURVE ( 'NONE', #319, #97, #1953, .T. ) ;
#2500 = DIRECTION ( 'NONE',  ( -0.000000000000000000, -1.000000000000000000, -0.000000000000000000 ) ) ;
#2501 = EDGE_LOOP ( 'NONE', ( #1377, #2623, #2065, #187 ) ) ;
#2502 = DIRECTION ( 'NONE',  ( -0.000000000000000000, -1.000000000000000000, -0.000000000000000000 ) ) ;
#2503 = ORIENTED_EDGE ( 'NONE', *, *, #1868, .T. ) ;
#2504 = ORIENTED_EDGE ( 'NONE', *, *, #2632, .F. ) ;
#2505 = DIRECTION ( 'NONE',  ( -1.000000000000000000, 0.000000000000000000, 0.000000000000000000 ) ) ;
#2506 = CARTESIAN_POINT ( 'NONE',  ( -40.00000000000000711, 0.000000000000000000, -70.50000000000000000 ) ) ;
#2507 = DIRECTION ( 'NONE',  ( -0.000000000000000000, -1.000000000000000000, -0.000000000000000000 ) ) ;
#2508 = DIRECTION ( 'NONE',  ( 0.000000000000000000, 0.000000000000000000, -1.000000000000000000 ) ) ;
#2509 = CYLINDRICAL_SURFACE ( 'NONE', #1714, 5.500000000000005329 ) ;
#2510 = DIRECTION ( 'NONE',  ( -0.000000000000000000, -1.000000000000000000, -0.000000000000000000 ) ) ;
#2511 = ORIENTED_EDGE ( 'NONE', *, *, #1645, .F. ) ;
#2512 = EDGE_LOOP ( 'NONE', ( #1841, #2878, #432, #236 ) ) ;
#2513 = LINE ( 'NONE', #1510, #655 ) ;
#2514 = ORIENTED_EDGE ( 'NONE', *, *, #2901, .F. ) ;
#2515 = EDGE_CURVE ( 'NONE', #118, #954, #2646, .T. ) ;
#2516 = CARTESIAN_POINT ( 'NONE',  ( -119.7699998000460937, -0.03291433799802895993, -54.00000000000770939 ) ) ;
#2517 = ORIENTED_EDGE ( 'NONE', *, *, #1963, .F. ) ;
#2518 = VERTEX_POINT ( 'NONE', #1922 ) ;
#2519 = CARTESIAN_POINT ( 'NONE',  ( -149.0595735200051877, -6.000000000000000000, 34.00000000000000711 ) ) ;
#2520 = DIRECTION ( 'NONE',  ( -0.000000000000000000, -1.000000000000000000, -0.000000000000000000 ) ) ;
#2521 = EDGE_CURVE ( 'NONE', #1646, #1320, #715, .T. ) ;
#2522 = LINE ( 'NONE', #1297, #89 ) ;
#2523 = CARTESIAN_POINT ( 'NONE',  ( -40.00000000000000711, 9.999999999999994671, -74.00000000000000000 ) ) ;
#2524 = ADVANCED_FACE ( 'NONE', ( #712 ), #1, .F. ) ;
#2525 = CARTESIAN_POINT ( 'NONE',  ( -39.99999999999999289, -2.602085213965210642E-15, 74.02500000000000568 ) ) ;
#2526 = ORIENTED_EDGE ( 'NONE', *, *, #178, .T. ) ;
#2527 = DIRECTION ( 'NONE',  ( -0.000000000000000000, -1.000000000000000000, -0.000000000000000000 ) ) ;
#2528 = CIRCLE ( 'NONE', #290, 5.500000000000005329 ) ;
#2529 = AXIS2_PLACEMENT_3D ( 'NONE', #351, #2043, #1325 ) ;
#2530 = VERTEX_POINT ( 'NONE', #1733 ) ;
#2531 = CARTESIAN_POINT ( 'NONE',  ( -150.0000000000000000, 14.00000000000000000, -75.00000000000000000 ) ) ;
#2532 = ORIENTED_EDGE ( 'NONE', *, *, #2709, .F. ) ;
#2533 = ORIENTED_EDGE ( 'NONE', *, *, #1061, .F. ) ;
#2534 = LINE ( 'NONE', #647, #1056 ) ;
#2535 = VECTOR ( 'NONE', #1140, 1000.000000000000000 ) ;
#2536 = CARTESIAN_POINT ( 'NONE',  ( -120.0000000000000000, 0.000000000000000000, 65.00000000000000000 ) ) ;
#2537 = LINE ( 'NONE', #361, #3027 ) ;
#2538 = EDGE_CURVE ( 'NONE', #825, #1363, #560, .T. ) ;
#2539 = ADVANCED_FACE ( 'NONE', ( #502 ), #1201, .T. ) ;
#2540 = AXIS2_PLACEMENT_3D ( 'NONE', #2121, #2801, #156 ) ;
#2541 = AXIS2_PLACEMENT_3D ( 'NONE', #2338, #152, #2856 ) ;
#2542 = DIRECTION ( 'NONE',  ( -0.000000000000000000, -1.000000000000000000, -0.000000000000000000 ) ) ;
#2543 = EDGE_LOOP ( 'NONE', ( #2749, #2044, #3147, #23, #2918, #1908, #2583, #1135, #498, #2006, #2861, #2320, #915, #868, #576, #1074 ) ) ;
#2544 = ADVANCED_FACE ( 'NONE', ( #727 ), #2991, .F. ) ;
#2545 = DIRECTION ( 'NONE',  ( -1.000000000000000000, -0.000000000000000000, -0.000000000000000000 ) ) ;
#2546 = PRESENTATION_STYLE_ASSIGNMENT (( #2025 ) ) ;
#2547 = EDGE_LOOP ( 'NONE', ( #73, #93 ) ) ;
#2548 = LINE ( 'NONE', #1373, #916 ) ;
#2549 = ORIENTED_EDGE ( 'NONE', *, *, #792, .T. ) ;
#2550 = ORIENTED_EDGE ( 'NONE', *, *, #1390, .F. ) ;
#2551 = CARTESIAN_POINT ( 'NONE',  ( -120.0000000000000000, -2.602085213965210642E-15, 65.00000000000000000 ) ) ;
#2552 = FACE_OUTER_BOUND ( 'NONE', #858, .T. ) ;
#2553 = EDGE_LOOP ( 'NONE', ( #738, #976, #1804, #795 ) ) ;
#2554 = DIRECTION ( 'NONE',  ( 0.000000000000000000, 0.000000000000000000, -1.000000000000000000 ) ) ;
#2555 = DIRECTION ( 'NONE',  ( 0.000000000000000000, -1.000000000000000000, 0.000000000000000000 ) ) ;
#2556 = EDGE_CURVE ( 'NONE', #1328, #158, #2038, .T. ) ;
#2557 = CARTESIAN_POINT ( 'NONE',  ( -39.32871392089516860, 0.000000000000000000, -56.00000000000000711 ) ) ;
#2558 = ORIENTED_EDGE ( 'NONE', *, *, #983, .F. ) ;
#2559 = DIRECTION ( 'NONE',  ( 0.000000000000000000, 0.000000000000000000, -1.000000000000000000 ) ) ;
#2560 = DIRECTION ( 'NONE',  ( 0.000000000000000000, 0.000000000000000000, -1.000000000000000000 ) ) ;
#2561 = VERTEX_POINT ( 'NONE', #2660 ) ;
#2562 = ADVANCED_FACE ( 'NONE', ( #273 ), #2952, .F. ) ;
#2563 = CYLINDRICAL_SURFACE ( 'NONE', #812, 11.99999999999999645 ) ;
#2564 = ORIENTED_EDGE ( 'NONE', *, *, #219, .F. ) ;
#2565 = VERTEX_POINT ( 'NONE', #2239 ) ;
#2566 = DIRECTION ( 'NONE',  ( 0.000000000000000000, 0.000000000000000000, -1.000000000000000000 ) ) ;
#2567 = LINE ( 'NONE', #189, #1461 ) ;
#2568 = VERTEX_POINT ( 'NONE', #1969 ) ;
#2569 = CARTESIAN_POINT ( 'NONE',  ( 39.99999999999999289, 14.00000000000000000, -65.00000000000000000 ) ) ;
#2570 = CYLINDRICAL_SURFACE ( 'NONE', #2129, 8.999999999999994671 ) ;
#2571 = CARTESIAN_POINT ( 'NONE',  ( 38.00000000000000711, -141.0000000000000000, 40.00000000000000000 ) ) ;
#2572 = B_SPLINE_CURVE_WITH_KNOTS ( 'NONE', 3,
 ( #270, #1422, #1247, #1708, #2397, #1680, #483 ),
 .UNSPECIFIED., .F., .F.,
 ( 4, 3, 4 ),
 ( 0.000000000000000000, 0.0002619798331991711362, 0.001342572251666050622 ),
 .UNSPECIFIED. ) ;
#2573 = ADVANCED_FACE ( 'NONE', ( #2220 ), #2794, .F. ) ;
#2574 = AXIS2_PLACEMENT_3D ( 'NONE', #1337, #2527, #154 ) ;
#2575 = FACE_OUTER_BOUND ( 'NONE', #1999, .T. ) ;
#2576 = AXIS2_PLACEMENT_3D ( 'NONE', #1636, #2822, #2115 ) ;
#2577 = EDGE_CURVE ( 'NONE', #2010, #263, #2471, .T. ) ;
#2578 = B_SPLINE_CURVE_WITH_KNOTS ( 'NONE', 3,
 ( #99, #2315, #1057, #2755, #62, #1281, #3019 ),
 .UNSPECIFIED., .F., .F.,
 ( 4, 3, 4 ),
 ( 0.000000000000000000, 0.0002619798332364052409, 0.001342572251666050622 ),
 .UNSPECIFIED. ) ;
#2579 = EDGE_CURVE ( 'NONE', #1974, #1080, #249, .T. ) ;
#2580 = CARTESIAN_POINT ( 'NONE',  ( 150.0000000000000000, 14.00000000000000000, 75.00000000000000000 ) ) ;
#2581 = CIRCLE ( 'NONE', #2677, 5.500000000000018652 ) ;
#2582 = CARTESIAN_POINT ( 'NONE',  ( 129.0000000000000000, 9.999999999999994671, 65.00000000000000000 ) ) ;
#2583 = ORIENTED_EDGE ( 'NONE', *, *, #2306, .F. ) ;
#2584 = ORIENTED_EDGE ( 'NONE', *, *, #462, .F. ) ;
#2585 = AXIS2_PLACEMENT_3D ( 'NONE', #2877, #2437, #1964 ) ;
#2586 = DIRECTION ( 'NONE',  ( -0.000000000000000000, -1.000000000000000000, -0.000000000000000000 ) ) ;
#2587 = EDGE_LOOP ( 'NONE', ( #516, #3063, #1240, #887 ) ) ;
#2588 = DIRECTION ( 'NONE',  ( 0.000000000000000000, 0.000000000000000000, -1.000000000000000000 ) ) ;
#2589 = LINE ( 'NONE', #1141, #2777 ) ;
#2590 = VECTOR ( 'NONE', #2152, 1000.000000000000000 ) ;
#2591 = CIRCLE ( 'NONE', #962, 2.000000000000001776 ) ;
#2592 = DIRECTION ( 'NONE',  ( 0.000000000000000000, -1.000000000000000000, 0.000000000000000000 ) ) ;
#2593 = AXIS2_PLACEMENT_3D ( 'NONE', #1191, #1481, #511 ) ;
#2594 = DIRECTION ( 'NONE',  ( 0.000000000000000000, -1.000000000000000000, 0.000000000000000000 ) ) ;
#2595 = VECTOR ( 'NONE', #2116, 1000.000000000000000 ) ;
#2596 = DIRECTION ( 'NONE',  ( -0.000000000000000000, -0.000000000000000000, -1.000000000000000000 ) ) ;
#2597 = DIRECTION ( 'NONE',  ( 0.000000000000000000, 0.000000000000000000, -1.000000000000000000 ) ) ;
#2598 = ORIENTED_EDGE ( 'NONE', *, *, #1299, .F. ) ;
#2599 = EDGE_CURVE ( 'NONE', #3026, #2205, #486, .T. ) ;
#2600 = VERTEX_POINT ( 'NONE', #1455 ) ;
#2601 = CARTESIAN_POINT ( 'NONE',  ( 120.0000000000000142, 9.999999999999994671, 65.00000000000000000 ) ) ;
#2602 = CARTESIAN_POINT ( 'NONE',  ( 71.31444453095944880, -152.0315209439428656, -54.00000000000000000 ) ) ;
#2603 = EDGE_LOOP ( 'NONE', ( #1707, #197, #282, #1746 ) ) ;
#2604 = CARTESIAN_POINT ( 'NONE',  ( -120.0000000000000000, -2.602085213965210642E-15, -55.97499999999999432 ) ) ;
#2605 = CARTESIAN_POINT ( 'NONE',  ( 40.67128607910484561, -2.602085213965210642E-15, 56.00000000000000000 ) ) ;
#2606 = CARTESIAN_POINT ( 'NONE',  ( 39.99999999999999289, -2.602085213965210642E-15, -65.00000000000000000 ) ) ;
#2607 = DIRECTION ( 'NONE',  ( 0.000000000000000000, -0.000000000000000000, 1.000000000000000000 ) ) ;
#2608 = DIRECTION ( 'NONE',  ( -0.000000000000000000, -1.000000000000000000, -0.000000000000000000 ) ) ;
#2609 = CARTESIAN_POINT ( 'NONE',  ( 39.99999999999999289, 0.000000000000000000, -70.50000000000000000 ) ) ;
#2610 = ORIENTED_EDGE ( 'NONE', *, *, #2754, .T. ) ;
#2611 = ORIENTED_EDGE ( 'NONE', *, *, #1728, .T. ) ;
#2612 = EDGE_CURVE ( 'NONE', #1890, #659, #98, .T. ) ;
#2613 = CARTESIAN_POINT ( 'NONE',  ( 50.00000000000000000, -141.0000000000000000, -40.00000000000000000 ) ) ;
#2614 = VERTEX_POINT ( 'NONE', #1489 ) ;
#2615 = DIRECTION ( 'NONE',  ( -0.000000000000000000, -0.000000000000000000, -1.000000000000000000 ) ) ;
#2616 = DIRECTION ( 'NONE',  ( -0.000000000000000000, -1.000000000000000000, -0.000000000000000000 ) ) ;
#2617 = DIRECTION ( 'NONE',  ( -0.000000000000000000, -1.000000000000000000, -0.000000000000000000 ) ) ;
#2618 = ORIENTED_EDGE ( 'NONE', *, *, #2157, .F. ) ;
#2619 = CARTESIAN_POINT ( 'NONE',  ( -120.0000000000000000, -2.602085213965210642E-15, 55.97499999999999432 ) ) ;
#2620 = CARTESIAN_POINT ( 'NONE',  ( 71.31444453095944880, -152.0315209439428656, 54.00000000000000000 ) ) ;
#2621 = ORIENTED_EDGE ( 'NONE', *, *, #2478, .T. ) ;
#2622 = CIRCLE ( 'NONE', #2222, 5.500000000000005329 ) ;
#2623 = ORIENTED_EDGE ( 'NONE', *, *, #689, .T. ) ;
#2624 = DIRECTION ( 'NONE',  ( 1.000000000000000000, 0.000000000000000000, -0.000000000000000000 ) ) ;
#2625 = ORIENTED_EDGE ( 'NONE', *, *, #2429, .T. ) ;
#2626 = DIRECTION ( 'NONE',  ( 1.000000000000000000, 0.000000000000000000, -0.000000000000000000 ) ) ;
#2627 = DIRECTION ( 'NONE',  ( 0.000000000000000000, 1.000000000000000000, 0.000000000000000000 ) ) ;
#2628 = VECTOR ( 'NONE', #1537, 1000.000000000000000 ) ;
#2629 = VECTOR ( 'NONE', #494, 1000.000000000000000 ) ;
#2630 = LINE ( 'NONE', #413, #2288 ) ;
#2631 = EDGE_CURVE ( 'NONE', #370, #208, #520, .T. ) ;
#2632 = EDGE_CURVE ( 'NONE', #221, #2262, #2087, .T. ) ;
#2633 = AXIS2_PLACEMENT_3D ( 'NONE', #478, #2389, #1179 ) ;
#2634 = EDGE_LOOP ( 'NONE', ( #1293, #883, #1549, #2955, #367, #2789, #1511, #1848, #992, #2113, #1967, #1168, #1166, #1018, #285, #537 ) ) ;
#2635 = CIRCLE ( 'NONE', #2984, 9.025000000000005684 ) ;
#2636 = FACE_OUTER_BOUND ( 'NONE', #3114, .T. ) ;
#2637 = CIRCLE ( 'NONE', #1322, 8.999999999999994671 ) ;
#2638 = DIRECTION ( 'NONE',  ( 0.000000000000000000, 0.000000000000000000, 1.000000000000000000 ) ) ;
#2639 = PLANE ( 'NONE',  #967 ) ;
#2640 = AXIS2_PLACEMENT_3D ( 'NONE', #2289, #2510, #2319 ) ;
#2641 = ORIENTED_EDGE ( 'NONE', *, *, #998, .T. ) ;
#2642 = CARTESIAN_POINT ( 'NONE',  ( 50.00000000000000000, -141.0000000000000000, 54.00000000000000000 ) ) ;
#2643 = ORIENTED_EDGE ( 'NONE', *, *, #846, .T. ) ;
#2644 = FACE_BOUND ( 'NONE', #815, .T. ) ;
#2645 = ORIENTED_EDGE ( 'NONE', *, *, #2538, .F. ) ;
#2646 = LINE ( 'NONE', #1989, #2090 ) ;
#2647 = DIRECTION ( 'NONE',  ( 0.000000000000000000, 0.000000000000000000, -1.000000000000000000 ) ) ;
#2648 = ORIENTED_EDGE ( 'NONE', *, *, #2337, .F. ) ;
#2649 = ADVANCED_FACE ( 'NONE', ( #2795 ), #2773, .F. ) ;
#2650 = CARTESIAN_POINT ( 'NONE',  ( 40.67128607910485982, 6.938893903907221278E-15, 54.00000000000000000 ) ) ;
#2651 = CARTESIAN_POINT ( 'NONE',  ( 40.00000000000000711, 9.999999999999994671, 74.00000000000000000 ) ) ;
#2652 = DIRECTION ( 'NONE',  ( 0.000000000000000000, -1.000000000000000000, 0.000000000000000000 ) ) ;
#2653 = ORIENTED_EDGE ( 'NONE', *, *, #1788, .F. ) ;
#2654 = EDGE_CURVE ( 'NONE', #2518, #3026, #2039, .T. ) ;
#2655 = CARTESIAN_POINT ( 'NONE',  ( 39.99999999999999289, 0.02499999999999464456, -65.00000000000000000 ) ) ;
#2656 = ORIENTED_EDGE ( 'NONE', *, *, #1529, .F. ) ;
#2657 = DIRECTION ( 'NONE',  ( 0.000000000000000000, 0.000000000000000000, -1.000000000000000000 ) ) ;
#2658 = ORIENTED_EDGE ( 'NONE', *, *, #43, .T. ) ;
#2659 = LINE ( 'NONE', #519, #2786 ) ;
#2660 = CARTESIAN_POINT ( 'NONE',  ( -39.99999999999999289, 14.00000000000000000, 59.50000000000000000 ) ) ;
#2661 = CARTESIAN_POINT ( 'NONE',  ( 50.00000000000000000, -2.000000000000001776, 56.00000000000000000 ) ) ;
#2662 = CARTESIAN_POINT ( 'NONE',  ( 148.9648784017881269, -1.999999999999946265, 54.00000000000000000 ) ) ;
#2663 = CARTESIAN_POINT ( 'NONE',  ( 40.00000000000000711, -2.602085213965210642E-15, 74.02500000000000568 ) ) ;
#2664 = CARTESIAN_POINT ( 'NONE',  ( 150.0000000000000000, 4.419487864202021385E-15, -37.51471862576143224 ) ) ;
#2665 = CARTESIAN_POINT ( 'NONE',  ( 149.5712385953153500, -0.8284271247461580945, -54.00000000000004263 ) ) ;
#2666 = EDGE_CURVE ( 'NONE', #2782, #3014, #1578, .T. ) ;
#2667 = ADVANCED_FACE ( 'NONE', ( #1572 ), #67, .F. ) ;
#2668 = CARTESIAN_POINT ( 'NONE',  ( -149.0595735200051877, 0.000000000000000000, -40.00000000000000000 ) ) ;
#2669 = EDGE_LOOP ( 'NONE', ( #2702, #1088, #2850, #2076 ) ) ;
#2670 = AXIS2_PLACEMENT_3D ( 'NONE', #2321, #414, #591 ) ;
#2671 = DIRECTION ( 'NONE',  ( 8.659560562356134638E-17, -0.7071067811864494290, 0.7071067811866454944 ) ) ;
#2672 = ORIENTED_EDGE ( 'NONE', *, *, #1068, .F. ) ;
#2673 = VECTOR ( 'NONE', #980, 1000.000000000000000 ) ;
#2674 = CARTESIAN_POINT ( 'NONE',  ( -120.6712860791049167, -2.000000000000001776, 54.00000000000000000 ) ) ;
#2675 = DIRECTION ( 'NONE',  ( 0.000000000000000000, 0.000000000000000000, -1.000000000000000000 ) ) ;
#2676 = DIRECTION ( 'NONE',  ( 1.000000000000000000, 0.000000000000000000, -0.000000000000000000 ) ) ;
#2677 = AXIS2_PLACEMENT_3D ( 'NONE', #2335, #1129, #3105 ) ;
#2678 = AXIS2_PLACEMENT_3D ( 'NONE', #2642, #1706, #1483 ) ;
#2679 = CARTESIAN_POINT ( 'NONE',  ( -120.4966328586630055, -1.999969536130424164, -54.00000000000000000 ) ) ;
#2680 = EDGE_LOOP ( 'NONE', ( #3017, #3001, #2874, #934, #468, #581, #1915, #2641 ) ) ;
#2681 = AXIS2_PLACEMENT_3D ( 'NONE', #2051, #3007, #1077 ) ;
#2682 = CARTESIAN_POINT ( 'NONE',  ( 40.00000000000000711, 14.00000000000000000, 65.00000000000000000 ) ) ;
#2683 = CARTESIAN_POINT ( 'NONE',  ( 0.000000000000000000, 14.00000000000000000, 0.000000000000000000 ) ) ;
#2684 = VERTEX_POINT ( 'NONE', #327 ) ;
#2685 = VECTOR ( 'NONE', #974, 1000.000000000000000 ) ;
#2686 =( BOUNDED_SURFACE ( )  B_SPLINE_SURFACE ( 3, 2, ( 
 ( #1308, #582, #2278 ),
 ( #2060, #2516, #2027 ),
 ( #1025, #1773, #1998 ),
 ( #2763, #1822, #333 ) ),
 .UNSPECIFIED., .F., .F., .F. ) 
 B_SPLINE_SURFACE_WITH_KNOTS ( ( 4, 4 ),
 ( 3, 3 ),
 ( 0.006593514117989291920, 0.007951212332965435642 ),
 ( 0.000000000000000000, 1.000000000000000000 ),
 .UNSPECIFIED. ) 
 GEOMETRIC_REPRESENTATION_ITEM ( )  RATIONAL_B_SPLINE_SURFACE ( (
 ( 1.000000000000000000, 0.7071067811865460184, 1.000000000000000000),
 ( 1.000000000000000000, 0.7129803012494323466, 1.000000000000000000),
 ( 1.000000000000000000, 0.7129799938122335368, 1.000000000000000000),
 ( 1.000000000000000000, 0.7071067811865460184, 1.000000000000000000) ) ) 
 REPRESENTATION_ITEM ( '' )  SURFACE ( )  );
#2687 = DIRECTION ( 'NONE',  ( 0.000000000000000000, 0.000000000000000000, -1.000000000000000000 ) ) ;
#2688 = ORIENTED_EDGE ( 'NONE', *, *, #1605, .F. ) ;
#2689 = EDGE_CURVE ( 'NONE', #2163, #2453, #970, .T. ) ;
#2690 = FACE_OUTER_BOUND ( 'NONE', #832, .T. ) ;
#2691 = ORIENTED_EDGE ( 'NONE', *, *, #2599, .F. ) ;
#2692 = AXIS2_PLACEMENT_3D ( 'NONE', #2990, #2505, #800 ) ;
#2693 = CARTESIAN_POINT ( 'NONE',  ( 40.22375274341046492, -1.999999998155402192, -54.00000000000000000 ) ) ;
#2694 = DIRECTION ( 'NONE',  ( 0.000000000000000000, 0.000000000000000000, -1.000000000000000000 ) ) ;
#2695 = CARTESIAN_POINT ( 'NONE',  ( 120.0000000000000000, 9.999999999999994671, -70.50000000000000000 ) ) ;
#2696 = FACE_OUTER_BOUND ( 'NONE', #2774, .T. ) ;
#2697 = ORIENTED_EDGE ( 'NONE', *, *, #1142, .F. ) ;
#2698 = DIRECTION ( 'NONE',  ( -1.000000000000000000, 0.000000000000000000, 0.000000000000000000 ) ) ;
#2699 = CARTESIAN_POINT ( 'NONE',  ( 120.0000000000000142, 0.02499999999999464456, 65.00000000000000000 ) ) ;
#2700 = ORIENTED_EDGE ( 'NONE', *, *, #1591, .T. ) ;
#2701 = CYLINDRICAL_SURFACE ( 'NONE', #2585, 5.500000000000005329 ) ;
#2702 = ORIENTED_EDGE ( 'NONE', *, *, #961, .F. ) ;
#2703 = DIRECTION ( 'NONE',  ( -0.000000000000000000, -1.000000000000000000, -0.000000000000000000 ) ) ;
#2704 = EDGE_LOOP ( 'NONE', ( #1819, #1659, #1551, #2945 ) ) ;
#2705 = EDGE_CURVE ( 'NONE', #740, #2997, #1379, .T. ) ;
#2706 = CARTESIAN_POINT ( 'NONE',  ( 39.32871392089515439, 0.000000000000000000, -56.00000000000000711 ) ) ;
#2707 = CARTESIAN_POINT ( 'NONE',  ( 0.000000000000000000, 0.000000000000000000, 0.000000000000000000 ) ) ;
#2708 = DIRECTION ( 'NONE',  ( 0.000000000000000000, -1.000000000000000000, 0.000000000000000000 ) ) ;
#2709 = EDGE_CURVE ( 'NONE', #930, #1410, #363, .T. ) ;
#2710 = PLANE ( 'NONE',  #27 ) ;
#2711 = ORIENTED_EDGE ( 'NONE', *, *, #24, .T. ) ;
#2712 = ORIENTED_EDGE ( 'NONE', *, *, #1397, .F. ) ;
#2713 = DIRECTION ( 'NONE',  ( -0.000000000000000000, -0.000000000000000000, 1.000000000000000000 ) ) ;
#2714 = ORIENTED_EDGE ( 'NONE', *, *, #2907, .T. ) ;
#2715 = DIRECTION ( 'NONE',  ( 0.000000000000000000, 0.000000000000000000, 1.000000000000000000 ) ) ;
#2716 = ORIENTED_EDGE ( 'NONE', *, *, #1064, .F. ) ;
#2717 = CARTESIAN_POINT ( 'NONE',  ( -150.0000000000000000, 14.00000000000000000, -75.00000000000000000 ) ) ;
#2718 = CIRCLE ( 'NONE', #849, 5.500000000000005329 ) ;
#2719 = CARTESIAN_POINT ( 'NONE',  ( 120.6712860791049309, -2.000000000000001776, -54.00000000000000000 ) ) ;
#2720 = CARTESIAN_POINT ( 'NONE',  ( -120.0000000000000000, -2.602085213965210642E-15, -65.00000000000000000 ) ) ;
#2721 = DIRECTION ( 'NONE',  ( -0.000000000000000000, -1.000000000000000000, -0.000000000000000000 ) ) ;
#2722 = AXIS2_PLACEMENT_3D ( 'NONE', #680, #3087, #1878 ) ;
#2723 = VECTOR ( 'NONE', #836, 1000.000000000000000 ) ;
#2724 = EDGE_CURVE ( 'NONE', #1328, #2744, #3025, .T. ) ;
#2725 = CARTESIAN_POINT ( 'NONE',  ( -150.0000000000000568, -1.878199773141552641E-15, 54.82842712474619162 ) ) ;
#2726 = CARTESIAN_POINT ( 'NONE',  ( -149.0595735200051877, -0.8121060764433785106, 37.01425888701092504 ) ) ;
#2727 = ORIENTED_EDGE ( 'NONE', *, *, #2292, .F. ) ;
#2728 = AXIS2_PLACEMENT_3D ( 'NONE', #1948, #771, #1677 ) ;
#2729 = ORIENTED_EDGE ( 'NONE', *, *, #103, .T. ) ;
#2730 = AXIS2_PLACEMENT_3D ( 'NONE', #587, #1780, #1586 ) ;
#2731 = DIRECTION ( 'NONE',  ( -0.000000000000000000, -1.000000000000000000, -0.000000000000000000 ) ) ;
#2732 = VERTEX_POINT ( 'NONE', #589 ) ;
#2733 = DIRECTION ( 'NONE',  ( 0.000000000000000000, 0.000000000000000000, -1.000000000000000000 ) ) ;
#2734 = ORIENTED_EDGE ( 'NONE', *, *, #1041, .T. ) ;
#2735 = AXIS2_PLACEMENT_3D ( 'NONE', #2569, #1648, #1405 ) ;
#2736 = VERTEX_POINT ( 'NONE', #2255 ) ;
#2737 = DIRECTION ( 'NONE',  ( -0.000000000000000000, -1.000000000000000000, -0.000000000000000000 ) ) ;
#2738 = DIRECTION ( 'NONE',  ( -0.000000000000000000, -0.000000000000000000, 1.000000000000000000 ) ) ;
#2739 = CARTESIAN_POINT ( 'NONE',  ( 39.99999999999999289, 9.999999999999994671, -65.00000000000000000 ) ) ;
#2740 = CARTESIAN_POINT ( 'NONE',  ( 119.7762472565894427, -1.999999998155402192, 54.00000000000000000 ) ) ;
#2741 = AXIS2_PLACEMENT_3D ( 'NONE', #16, #2193, #1698 ) ;
#2742 = DIRECTION ( 'NONE',  ( -0.000000000000000000, -1.000000000000000000, -0.000000000000000000 ) ) ;
#2743 = CARTESIAN_POINT ( 'NONE',  ( -39.32871392089516860, 6.938893903907221278E-15, -54.00000000000000000 ) ) ;
#2744 = VERTEX_POINT ( 'NONE', #2726 ) ;
#2745 = ADVANCED_FACE ( 'NONE', ( #2053 ), #1589, .F. ) ;
#2746 = ORIENTED_EDGE ( 'NONE', *, *, #870, .F. ) ;
#2747 = EDGE_CURVE ( 'NONE', #2568, #293, #104, .T. ) ;
#2748 = CARTESIAN_POINT ( 'NONE',  ( -40.00000000000000711, 0.000000000000000000, -74.00000000000000000 ) ) ;
#2749 = ORIENTED_EDGE ( 'NONE', *, *, #1252, .F. ) ;
#2750 = DIRECTION ( 'NONE',  ( 0.000000000000000000, 0.000000000000000000, -1.000000000000000000 ) ) ;
#2751 = ORIENTED_EDGE ( 'NONE', *, *, #1397, .T. ) ;
#2752 = ORIENTED_EDGE ( 'NONE', *, *, #2037, .T. ) ;
#2753 = DIRECTION ( 'NONE',  ( 0.000000000000000000, 0.000000000000000000, -1.000000000000000000 ) ) ;
#2754 = EDGE_CURVE ( 'NONE', #472, #1122, #553, .T. ) ;
#2755 = CARTESIAN_POINT ( 'NONE',  ( -39.59069374688858289, -1.999938396206186964, 54.00000000000000000 ) ) ;
#2756 = DIRECTION ( 'NONE',  ( -0.000000000000000000, -1.000000000000000000, -0.000000000000000000 ) ) ;
#2757 = CARTESIAN_POINT ( 'NONE',  ( 119.3287139208950549, -2.000000000000002665, -54.00000000000000000 ) ) ;
#2758 = CARTESIAN_POINT ( 'NONE',  ( 71.31444453095944880, -152.0315209439428656, 54.00000000000000000 ) ) ;
#2759 = ORIENTED_EDGE ( 'NONE', *, *, #1735, .T. ) ;
#2760 = DIRECTION ( 'NONE',  ( 0.000000000000000000, 0.000000000000000000, -1.000000000000000000 ) ) ;
#2761 = DIRECTION ( 'NONE',  ( 1.000000000000000000, 0.000000000000000000, 0.000000000000000000 ) ) ;
#2762 = ORIENTED_EDGE ( 'NONE', *, *, #972, .T. ) ;
#2763 = CARTESIAN_POINT ( 'NONE',  ( -120.6712860791049309, 0.000000000000000000, -56.00000000000000711 ) ) ;
#2764 = EDGE_CURVE ( 'NONE', #2448, #840, #1787, .T. ) ;
#2765 = ORIENTED_EDGE ( 'NONE', *, *, #1334, .F. ) ;
#2766 = EDGE_CURVE ( 'NONE', #2986, #2312, #808, .T. ) ;
#2767 = VERTEX_POINT ( 'NONE', #2303 ) ;
#2768 = CARTESIAN_POINT ( 'NONE',  ( -39.77379859995553346, 1.151776037485333523E-16, 55.96680231594731225 ) ) ;
#2769 = DIRECTION ( 'NONE',  ( -0.000000000000000000, -1.000000000000000000, -0.000000000000000000 ) ) ;
#2770 = CARTESIAN_POINT ( 'NONE',  ( 120.0000000000000142, -2.602085213965210642E-15, 55.97500000000000853 ) ) ;
#2771 = CARTESIAN_POINT ( 'NONE',  ( 119.3287139208952539, 0.000000000000000000, 56.00000000000000711 ) ) ;
#2772 = AXIS2_PLACEMENT_3D ( 'NONE', #971, #1522, #54 ) ;
#2773 = CYLINDRICAL_SURFACE ( 'NONE', #509, 8.999999999999994671 ) ;
#2774 = EDGE_LOOP ( 'NONE', ( #1861, #2167, #746, #111, #1912 ) ) ;
#2775 = CIRCLE ( 'NONE', #1206, 6.000000000000000000 ) ;
#2776 = DIRECTION ( 'NONE',  ( -0.000000000000000000, -1.000000000000000000, -0.000000000000000000 ) ) ;
#2777 = VECTOR ( 'NONE', #436, 1000.000000000000000 ) ;
#2778 = AXIS2_PLACEMENT_3D ( 'NONE', #2246, #1036, #57 ) ;
#2779 = FACE_OUTER_BOUND ( 'NONE', #1681, .T. ) ;
#2780 = ORIENTED_EDGE ( 'NONE', *, *, #275, .T. ) ;
#2781 = DIRECTION ( 'NONE',  ( 0.000000000000000000, 0.000000000000000000, -1.000000000000000000 ) ) ;
#2782 = VERTEX_POINT ( 'NONE', #1835 ) ;
#2783 = PRODUCT_DEFINITION_CONTEXT ( 'detailed design', #1540, 'design' ) ;
#2784 = EDGE_LOOP ( 'NONE', ( #2643, #2982, #632, #2329 ) ) ;
#2785 = CARTESIAN_POINT ( 'NONE',  ( -39.32871392089515439, -2.000000000000001776, 54.00000000000000000 ) ) ;
#2786 = VECTOR ( 'NONE', #241, 1000.000000000000000 ) ;
#2787 = ADVANCED_FACE ( 'NONE', ( #117 ), #944, .F. ) ;
#2788 = LINE ( 'NONE', #2506, #493 ) ;
#2789 = ORIENTED_EDGE ( 'NONE', *, *, #2903, .F. ) ;
#2790 = CIRCLE ( 'NONE', #246, 9.025000000000005684 ) ;
#2791 = CARTESIAN_POINT ( 'NONE',  ( 40.00000000000000711, 0.000000000000000000, 65.00000000000000000 ) ) ;
#2792 = DIRECTION ( 'NONE',  ( -0.000000000000000000, -1.000000000000000000, -0.000000000000000000 ) ) ;
#2793 = AXIS2_PLACEMENT_3D ( 'NONE', #2345, #3032, #185 ) ;
#2794 = CONICAL_SURFACE ( 'NONE', #1991, 9.025000000000005684, 0.7853981633977258348 ) ;
#2795 = FACE_OUTER_BOUND ( 'NONE', #2849, .T. ) ;
#2796 = ORIENTED_EDGE ( 'NONE', *, *, #1444, .F. ) ;
#2797 = EDGE_CURVE ( 'NONE', #2928, #688, #2892, .T. ) ;
#2798 = CARTESIAN_POINT ( 'NONE',  ( -40.00000000000000711, 9.999999999999994671, -65.00000000000000000 ) ) ;
#2799 = CARTESIAN_POINT ( 'NONE',  ( 40.04910883135489996, -1.999809952871498320, 54.00000000000000000 ) ) ;
#2800 = ORIENTED_EDGE ( 'NONE', *, *, #2142, .F. ) ;
#2801 = DIRECTION ( 'NONE',  ( 0.000000000000000000, -1.000000000000000000, 0.000000000000000000 ) ) ;
#2802 = ORIENTED_EDGE ( 'NONE', *, *, #314, .T. ) ;
#2803 = ORIENTED_EDGE ( 'NONE', *, *, #1064, .T. ) ;
#2804 = DIRECTION ( 'NONE',  ( 0.000000000000000000, -1.000000000000000000, 0.000000000000000000 ) ) ;
#2805 = DIRECTION ( 'NONE',  ( 0.000000000000000000, 0.000000000000000000, -1.000000000000000000 ) ) ;
#2806 = ORIENTED_EDGE ( 'NONE', *, *, #2105, .T. ) ;
#2807 = CARTESIAN_POINT ( 'NONE',  ( -30.99999999999999645, 9.999999999999994671, 65.00000000000000000 ) ) ;
#2808 = CARTESIAN_POINT ( 'NONE',  ( -39.99999999999999289, 0.000000000000000000, 70.50000000000000000 ) ) ;
#2809 = EDGE_CURVE ( 'NONE', #1433, #724, #2630, .T. ) ;
#2810 = CARTESIAN_POINT ( 'NONE',  ( -120.0000000000000000, 14.00000000000000000, 59.50000000000000711 ) ) ;
#2811 = EDGE_LOOP ( 'NONE', ( #2910, #1287, #1709, #3139, #87 ) ) ;
#2812 = EDGE_CURVE ( 'NONE', #129, #2020, #195, .T. ) ;
#2813 = EDGE_CURVE ( 'NONE', #2732, #2989, #1019, .T. ) ;
#2814 = DIRECTION ( 'NONE',  ( -1.000000000000000000, -1.626303258728256898E-16, 0.000000000000000000 ) ) ;
#2815 = CARTESIAN_POINT ( 'NONE',  ( 120.6712860791049309, -2.000000000000001776, -54.00000000000000000 ) ) ;
#2816 = CARTESIAN_POINT ( 'NONE',  ( -150.0000000000000284, -2.000000000000001776, 54.00000000000000000 ) ) ;
#2817 = VERTEX_POINT ( 'NONE', #1156 ) ;
#2818 = ORIENTED_EDGE ( 'NONE', *, *, #318, .T. ) ;
#2819 = FACE_OUTER_BOUND ( 'NONE', #2362, .T. ) ;
#2820 = VERTEX_POINT ( 'NONE', #2571 ) ;
#2821 = DIRECTION ( 'NONE',  ( -1.000000000000000000, 0.000000000000000000, 0.000000000000000000 ) ) ;
#2822 = DIRECTION ( 'NONE',  ( 0.000000000000000000, 0.000000000000000000, -1.000000000000000000 ) ) ;
#2823 = DIRECTION ( 'NONE',  ( -0.000000000000000000, -1.000000000000000000, -0.000000000000000000 ) ) ;
#2824 = EDGE_CURVE ( 'NONE', #1765, #482, #393, .T. ) ;
#2825 = AXIS2_PLACEMENT_3D ( 'NONE', #894, #3028, #841 ) ;
#2826 = DIRECTION ( 'NONE',  ( 0.000000000000000000, 0.000000000000000000, -1.000000000000000000 ) ) ;
#2827 = VECTOR ( 'NONE', #764, 1000.000000000000000 ) ;
#2828 = CARTESIAN_POINT ( 'NONE',  ( 148.7137157859459649, -2.485281374238579311, 40.00000000000001421 ) ) ;
#2829 = AXIS2_PLACEMENT_3D ( 'NONE', #2375, #450, #2805 ) ;
#2830 = CARTESIAN_POINT ( 'NONE',  ( 120.0000000000000142, -2.602085213965210642E-15, 65.00000000000000000 ) ) ;
#2831 = EDGE_LOOP ( 'NONE', ( #2096, #2800 ) ) ;
#2832 = ORIENTED_EDGE ( 'NONE', *, *, #551, .F. ) ;
#2833 = DIRECTION ( 'NONE',  ( -0.000000000000000000, -1.000000000000000000, -0.000000000000000000 ) ) ;
#2834 = VECTOR ( 'NONE', #2713, 1000.000000000000000 ) ;
#2835 = CARTESIAN_POINT ( 'NONE',  ( -120.0000000000000000, 0.000000000000000000, 56.00000000000000711 ) ) ;
#2836 = EDGE_LOOP ( 'NONE', ( #1326, #990, #2497, #1609, #648 ) ) ;
#2837 = CARTESIAN_POINT ( 'NONE',  ( 0.000000000000000000, -2.000000000000000000, -56.00000000000000000 ) ) ;
#2838 = FACE_OUTER_BOUND ( 'NONE', #373, .T. ) ;
#2839 = VECTOR ( 'NONE', #2192, 1000.000000000000000 ) ;
#2840 = AXIS2_PLACEMENT_3D ( 'NONE', #1805, #529, #3002 ) ;
#2841 = DIRECTION ( 'NONE',  ( -1.000000000000000000, 0.000000000000000000, 0.000000000000000000 ) ) ;
#2842 = CIRCLE ( 'NONE', #196, 5.500000000000005329 ) ;
#2843 = CIRCLE ( 'NONE', #1476, 9.024999999999998579 ) ;
#2844 = CARTESIAN_POINT ( 'NONE',  ( 40.67128607910485982, 0.000000000000000000, 56.00000000000000711 ) ) ;
#2845 = EDGE_CURVE ( 'NONE', #2565, #1438, #919, .T. ) ;
#2846 = VECTOR ( 'NONE', #3035, 1000.000000000000000 ) ;
#2847 = CARTESIAN_POINT ( 'NONE',  ( 119.7737985999554553, 1.151776037503108778E-16, -55.96680231594680777 ) ) ;
#2848 = LINE ( 'NONE', #2609, #2943 ) ;
#2849 = EDGE_LOOP ( 'NONE', ( #90, #1598, #590, #1234 ) ) ;
#2850 = ORIENTED_EDGE ( 'NONE', *, *, #1566, .T. ) ;
#2851 = CARTESIAN_POINT ( 'NONE',  ( -39.99999999999999289, -2.602085213965210642E-15, 55.97500000000000142 ) ) ;
#2852 = EDGE_LOOP ( 'NONE', ( #2912, #784, #1524, #1302 ) ) ;
#2853 = PLANE ( 'NONE',  #1622 ) ;
#2854 = DIRECTION ( 'NONE',  ( -0.000000000000000000, -1.000000000000000000, -0.000000000000000000 ) ) ;
#2855 = EDGE_CURVE ( 'NONE', #2614, #2028, #1324, .T. ) ;
#2856 = DIRECTION ( 'NONE',  ( 0.000000000000000000, 0.000000000000000000, -1.000000000000000000 ) ) ;
#2857 = B_SPLINE_CURVE_WITH_KNOTS ( 'NONE', 3,
 ( #2107, #1840, #908, #1867, #2799, #1594, #672 ),
 .UNSPECIFIED., .F., .F.,
 ( 4, 3, 4 ),
 ( 0.000000000000000000, 0.0002619798332364191187, 0.001342572251666078378 ),
 .UNSPECIFIED. ) ;
#2858 = CARTESIAN_POINT ( 'NONE',  ( 39.32871392089515439, 6.938893903907221278E-15, 54.00000000000000000 ) ) ;
#2859 = DIRECTION ( 'NONE',  ( -0.000000000000000000, -1.000000000000000000, -0.000000000000000000 ) ) ;
#2860 = CARTESIAN_POINT ( 'NONE',  ( -150.0000000000000000, 0.000000000000000000, 40.00000000000000000 ) ) ;
#2861 = ORIENTED_EDGE ( 'NONE', *, *, #923, .T. ) ;
#2862 = EDGE_LOOP ( 'NONE', ( #2455, #2328, #105, #1656 ) ) ;
#2863 = DIRECTION ( 'NONE',  ( 0.4596467059976211966, 0.8881018554566453282, 0.000000000000000000 ) ) ;
#2864 = VERTEX_POINT ( 'NONE', #166 ) ;
#2865 = EDGE_CURVE ( 'NONE', #2218, #482, #47, .T. ) ;
#2866 = CARTESIAN_POINT ( 'NONE',  ( 119.3287139208952539, -2.000000000000002665, 56.00000000000000000 ) ) ;
#2867 = DIRECTION ( 'NONE',  ( -0.000000000000000000, -1.000000000000000000, -0.000000000000000000 ) ) ;
#2868 = EDGE_CURVE ( 'NONE', #1248, #1214, #301, .T. ) ;
#2869 = DIRECTION ( 'NONE',  ( -1.000000000000000000, -1.626303258728256651E-16, 0.000000000000000000 ) ) ;
#2870 = ORIENTED_EDGE ( 'NONE', *, *, #2813, .F. ) ;
#2871 = CYLINDRICAL_SURFACE ( 'NONE', #3024, 8.999999999999994671 ) ;
#2872 = CARTESIAN_POINT ( 'NONE',  ( 120.0000000000000142, 0.000000000000000000, 56.00000000000000711 ) ) ;
#2873 = FACE_BOUND ( 'NONE', #3046, .T. ) ;
#2874 = ORIENTED_EDGE ( 'NONE', *, *, #2888, .T. ) ;
#2875 = APPLICATION_PROTOCOL_DEFINITION ( 'draft international standard', 'automotive_design', 1998, #1540 ) ;
#2876 = AXIS2_PLACEMENT_3D ( 'NONE', #1539, #3042, #1519 ) ;
#2877 = CARTESIAN_POINT ( 'NONE',  ( -40.00000000000000711, 0.000000000000000000, -65.00000000000000000 ) ) ;
#2878 = ORIENTED_EDGE ( 'NONE', *, *, #1829, .F. ) ;
#2879 = FACE_OUTER_BOUND ( 'NONE', #577, .T. ) ;
#2880 = ORIENTED_EDGE ( 'NONE', *, *, #2983, .T. ) ;
#2881 = AXIS2_PLACEMENT_3D ( 'NONE', #1419, #161, #1875 ) ;
#2882 = EDGE_CURVE ( 'NONE', #2817, #615, #1396, .T. ) ;
#2883 = CIRCLE ( 'NONE', #139, 9.025000000000005684 ) ;
#2884 = DIRECTION ( 'NONE',  ( -0.000000000000000000, -1.000000000000000000, -0.000000000000000000 ) ) ;
#2885 = DIRECTION ( 'NONE',  ( -0.000000000000000000, -0.000000000000000000, -1.000000000000000000 ) ) ;
#2886 = CONICAL_SURFACE ( 'NONE', #1520, 9.025000000000005684, 0.7853981633977258348 ) ;
#2887 = DIRECTION ( 'NONE',  ( 0.000000000000000000, 0.000000000000000000, -1.000000000000000000 ) ) ;
#2888 = EDGE_CURVE ( 'NONE', #2736, #1106, #696, .T. ) ;
#2889 = AXIS2_PLACEMENT_3D ( 'NONE', #2582, #429, #612 ) ;
#2890 = FACE_OUTER_BOUND ( 'NONE', #631, .T. ) ;
#2891 = FACE_BOUND ( 'NONE', #940, .T. ) ;
#2892 = CIRCLE ( 'NONE', #1225, 5.500000000000005329 ) ;
#2893 = EDGE_LOOP ( 'NONE', ( #757, #2645, #2054, #1329 ) ) ;
#2894 = CARTESIAN_POINT ( 'NONE',  ( -120.0000000000000000, 0.000000000000000000, 59.50000000000000711 ) ) ;
#2895 = VERTEX_POINT ( 'NONE', #2810 ) ;
#2896 = CARTESIAN_POINT ( 'NONE',  ( 150.0000000000000000, 0.000000000000000000, 75.00000000000000000 ) ) ;
#2897 = EDGE_LOOP ( 'NONE', ( #716, #851, #1904, #1028 ) ) ;
#2898 = DIRECTION ( 'NONE',  ( -0.000000000000000000, 0.000000000000000000, 1.000000000000000000 ) ) ;
#2899 = DIRECTION ( 'NONE',  ( 8.659560562354932858E-17, -0.7071067811865474617, 0.7071067811865474617 ) ) ;
#2900 = DIRECTION ( 'NONE',  ( 1.000000000000000000, 1.522074307058031767E-16, 0.000000000000000000 ) ) ;
#2901 = EDGE_CURVE ( 'NONE', #1008, #563, #717, .T. ) ;
#2902 = CARTESIAN_POINT ( 'NONE',  ( 120.0000000000000000, 9.999999999999994671, -59.50000000000000000 ) ) ;
#2903 = EDGE_CURVE ( 'NONE', #293, #482, #3145, .T. ) ;
#2904 = LINE ( 'NONE', #1653, #1304 ) ;
#2905 = PRODUCT_DEFINITION_SHAPE ( 'NONE', 'NONE',  #81 ) ;
#2906 = DIRECTION ( 'NONE',  ( 0.000000000000000000, 0.000000000000000000, -1.000000000000000000 ) ) ;
#2907 = EDGE_CURVE ( 'NONE', #2561, #1320, #682, .T. ) ;
#2908 = DIRECTION ( 'NONE',  ( -0.000000000000000000, -1.000000000000000000, -0.000000000000000000 ) ) ;
#2909 = LINE ( 'NONE', #2894, #2380 ) ;
#2910 = ORIENTED_EDGE ( 'NONE', *, *, #752, .F. ) ;
#2911 = CARTESIAN_POINT ( 'NONE',  ( 120.6712860791047603, -2.000000000000000000, 56.00000000000000000 ) ) ;
#2912 = ORIENTED_EDGE ( 'NONE', *, *, #103, .F. ) ;
#2913 = CARTESIAN_POINT ( 'NONE',  ( -120.6712860791049167, 6.938893903907221278E-15, 54.00000000000000000 ) ) ;
#2914 = DIRECTION ( 'NONE',  ( 0.000000000000000000, 0.000000000000000000, -1.000000000000000000 ) ) ;
#2915 = CARTESIAN_POINT ( 'NONE',  ( 120.0000000000000000, 0.000000000000000000, -70.50000000000000000 ) ) ;
#2916 = DIRECTION ( 'NONE',  ( 0.000000000000000000, 1.000000000000000000, 0.000000000000000000 ) ) ;
#2917 = CARTESIAN_POINT ( 'NONE',  ( -119.6889113655649339, -2.000000000000000000, -54.00000000000000000 ) ) ;
#2918 = ORIENTED_EDGE ( 'NONE', *, *, #983, .T. ) ;
#2919 = ADVANCED_BREP_SHAPE_REPRESENTATION ( 'Turbo Fan Pylon Mound SolidWorks-for github', ( #1195, #464 ), #920 ) ;
#2920 = EDGE_CURVE ( 'NONE', #563, #1008, #2946, .T. ) ;
#2921 = DIRECTION ( 'NONE',  ( -0.000000000000000000, -1.000000000000000000, -0.000000000000000000 ) ) ;
#2922 = CARTESIAN_POINT ( 'NONE',  ( 150.0000000000000000, 4.452467551455226697E-15, -54.82842712474622004 ) ) ;
#2923 = EDGE_LOOP ( 'NONE', ( #157, #1774, #1182, #2672 ) ) ;
#2924 = DIRECTION ( 'NONE',  ( 0.000000000000000000, 0.000000000000000000, 1.000000000000000000 ) ) ;
#2925 = ORIENTED_EDGE ( 'NONE', *, *, #119, .F. ) ;
#2926 = CONICAL_SURFACE ( 'NONE', #999, 9.024999999999998579, 0.7853981633975870569 ) ;
#2927 = LINE ( 'NONE', #1966, #350 ) ;
#2928 = VERTEX_POINT ( 'NONE', #904 ) ;
#2929 = EDGE_CURVE ( 'NONE', #223, #985, #2843, .T. ) ;
#2930 = CIRCLE ( 'NONE', #136, 2.000000000000001776 ) ;
#2931 = CARTESIAN_POINT ( 'NONE',  ( -119.7699741063395891, -0.03291242157291846687, 54.00000000000769518 ) ) ;
#2932 = CARTESIAN_POINT ( 'NONE',  ( -150.0000000000000284, -2.000000000000001776, 54.00000000000000000 ) ) ;
#2933 = DIRECTION ( 'NONE',  ( -0.000000000000000000, -1.000000000000000000, -0.000000000000000000 ) ) ;
#2934 = AXIS2_PLACEMENT_3D ( 'NONE', #176, #3069, #2378 ) ;
#2935 = CIRCLE ( 'NONE', #2179, 8.999999999999994671 ) ;
#2936 = DIRECTION ( 'NONE',  ( -0.000000000000000000, -1.000000000000000000, -0.000000000000000000 ) ) ;
#2937 = EDGE_LOOP ( 'NONE', ( #2073, #1199, #2247, #605 ) ) ;
#2938 = AXIS2_PLACEMENT_3D ( 'NONE', #1719, #230, #490 ) ;
#2939 = CARTESIAN_POINT ( 'NONE',  ( -120.0000000000000000, 9.999999999999994671, 56.00000000000000711 ) ) ;
#2940 = CARTESIAN_POINT ( 'NONE',  ( 62.00000000000000000, -141.0000000000000000, 54.00000000000000000 ) ) ;
#2941 = CARTESIAN_POINT ( 'NONE',  ( 120.0000000000000000, 9.999999999999994671, -65.00000000000000000 ) ) ;
#2942 = EDGE_CURVE ( 'NONE', #49, #2568, #2366, .T. ) ;
#2943 = VECTOR ( 'NONE', #2908, 1000.000000000000000 ) ;
#2944 = CARTESIAN_POINT ( 'NONE',  ( 150.0000000000000000, 0.000000000000000000, -33.99999999999999289 ) ) ;
#2945 = ORIENTED_EDGE ( 'NONE', *, *, #736, .T. ) ;
#2946 = CIRCLE ( 'NONE', #1069, 9.000000000000007105 ) ;
#2947 = DIRECTION ( 'NONE',  ( 0.000000000000000000, 0.000000000000000000, -1.000000000000000000 ) ) ;
#2948 = EDGE_CURVE ( 'NONE', #659, #1186, #305, .T. ) ;
#2949 = EDGE_LOOP ( 'NONE', ( #313, #2610, #1828, #1063, #1979 ) ) ;
#2950 = CONICAL_SURFACE ( 'NONE', #1684, 9.025000000000005684, 0.7853981633975870569 ) ;
#2951 = CARTESIAN_POINT ( 'NONE',  ( 40.22617530036058753, 1.151843577404642882E-16, -55.96680036924168178 ) ) ;
#2952 = PLANE ( 'NONE',  #3044 ) ;
#2953 = CARTESIAN_POINT ( 'NONE',  ( 0.000000000000000000, -0.000000000000000000, -56.00000000000000000 ) ) ;
#2954 = DIRECTION ( 'NONE',  ( 6.938893903907222067E-15, 0.000000000000000000, 1.000000000000000000 ) ) ;
#2955 = ORIENTED_EDGE ( 'NONE', *, *, #792, .F. ) ;
#2956 = VERTEX_POINT ( 'NONE', #1174 ) ;
#2957 = CARTESIAN_POINT ( 'NONE',  ( -39.32871392089516860, -2.602085213965210642E-15, -56.00000000000000000 ) ) ;
#2958 = ORIENTED_EDGE ( 'NONE', *, *, #1789, .F. ) ;
#2959 = DIRECTION ( 'NONE',  ( 0.000000000000000000, 0.000000000000000000, -1.000000000000000000 ) ) ;
#2960 = ORIENTED_EDGE ( 'NONE', *, *, #941, .T. ) ;
#2961 = ADVANCED_FACE ( 'NONE', ( #568 ), #729, .F. ) ;
#2962 = ADVANCED_FACE ( 'NONE', ( #585 ), #1941, .F. ) ;
#2963 = CARTESIAN_POINT ( 'NONE',  ( -120.0000000000000000, 0.000000000000000000, 65.00000000000000000 ) ) ;
#2964 = CARTESIAN_POINT ( 'NONE',  ( 146.8946352053642670, -6.000000000000005329, 40.00000000000000000 ) ) ;
#2965 = CARTESIAN_POINT ( 'NONE',  ( -120.0000000000000000, 0.000000000000000000, -65.00000000000000000 ) ) ;
#2966 = CARTESIAN_POINT ( 'NONE',  ( -120.0491088313797263, -1.999809952871508756, -54.00000000000000000 ) ) ;
#2967 = ORIENTED_EDGE ( 'NONE', *, *, #3111, .F. ) ;
#2968 = ORIENTED_EDGE ( 'NONE', *, *, #2747, .F. ) ;
#2969 = ORIENTED_EDGE ( 'NONE', *, *, #534, .T. ) ;
#2970 = CARTESIAN_POINT ( 'NONE',  ( 34.31401294700756921, -159.1645206425424419, -54.00000000000000000 ) ) ;
#2971 = VERTEX_POINT ( 'NONE', #474 ) ;
#2972 = FACE_OUTER_BOUND ( 'NONE', #1303, .T. ) ;
#2973 = DIRECTION ( 'NONE',  ( 0.000000000000000000, 0.000000000000000000, -1.000000000000000000 ) ) ;
#2974 = FACE_OUTER_BOUND ( 'NONE', #1870, .T. ) ;
#2975 = EDGE_CURVE ( 'NONE', #688, #813, #1040, .T. ) ;
#2976 = AXIS2_PLACEMENT_3D ( 'NONE', #2100, #2125, #2395 ) ;
#2977 = DIRECTION ( 'NONE',  ( 0.000000000000000000, 0.000000000000000000, 1.000000000000000000 ) ) ;
#2978 = DIRECTION ( 'NONE',  ( 8.659560562354932858E-17, -0.7071067811865474617, 0.7071067811865474617 ) ) ;
#2979 = ORIENTED_EDGE ( 'NONE', *, *, #1735, .F. ) ;
#2980 = EDGE_CURVE ( 'NONE', #2767, #3026, #2049, .T. ) ;
#2981 = CIRCLE ( 'NONE', #1619, 9.025000000000005684 ) ;
#2982 = ORIENTED_EDGE ( 'NONE', *, *, #518, .T. ) ;
#2983 = EDGE_CURVE ( 'NONE', #954, #2101, #75, .T. ) ;
#2984 = AXIS2_PLACEMENT_3D ( 'NONE', #2204, #256, #2947 ) ;
#2985 = DIRECTION ( 'NONE',  ( -0.8881018554566454393, 0.4596467059976212521, 0.000000000000000000 ) ) ;
#2986 = VERTEX_POINT ( 'NONE', #946 ) ;
#2987 = DIRECTION ( 'NONE',  ( -0.000000000000000000, -1.000000000000000000, -0.000000000000000000 ) ) ;
#2988 = ORIENTED_EDGE ( 'NONE', *, *, #1178, .T. ) ;
#2989 = VERTEX_POINT ( 'NONE', #3 ) ;
#2990 = CARTESIAN_POINT ( 'NONE',  ( 0.000000000000000000, -2.000000000000000000, -56.00000000000000000 ) ) ;
#2991 = CONICAL_SURFACE ( 'NONE', #2741, 9.025000000000005684, 0.7853981633974482790 ) ;
#2992 = DIRECTION ( 'NONE',  ( 0.000000000000000000, 0.000000000000000000, -1.000000000000000000 ) ) ;
#2993 = DIRECTION ( 'NONE',  ( 1.000000000000000000, 0.000000000000000000, -0.000000000000000000 ) ) ;
#2994 = DIRECTION ( 'NONE',  ( -1.000000000000000000, 0.000000000000000000, -0.000000000000000000 ) ) ;
#2995 = AXIS2_PLACEMENT_3D ( 'NONE', #2606, #3071, #1865 ) ;
#2996 = CARTESIAN_POINT ( 'NONE',  ( -40.23002589366029014, -0.03291242157383668376, -54.00000000000769518 ) ) ;
#2997 = VERTEX_POINT ( 'NONE', #1457 ) ;
#2998 = EDGE_CURVE ( 'NONE', #46, #691, #1632, .T. ) ;
#2999 = DIRECTION ( 'NONE',  ( -0.000000000000000000, -0.000000000000000000, -1.000000000000000000 ) ) ;
#3000 =( NAMED_UNIT ( * ) SI_UNIT ( $, .STERADIAN. ) SOLID_ANGLE_UNIT ( ) );
#3001 = ORIENTED_EDGE ( 'NONE', *, *, #787, .T. ) ;
#3002 = DIRECTION ( 'NONE',  ( 0.000000000000000000, 0.000000000000000000, -1.000000000000000000 ) ) ;
#3003 = VERTEX_POINT ( 'NONE', #1924 ) ;
#3004 = ORIENTED_EDGE ( 'NONE', *, *, #731, .F. ) ;
#3005 = CARTESIAN_POINT ( 'NONE',  ( 120.0000000000000142, 0.02499999999999464456, 56.00000000000000711 ) ) ;
#3006 = CARTESIAN_POINT ( 'NONE',  ( 150.0000000000000000, 0.000000000000000000, 54.00000000000000000 ) ) ;
#3007 = DIRECTION ( 'NONE',  ( -0.000000000000000000, -1.000000000000000000, -0.000000000000000000 ) ) ;
#3008 = DIRECTION ( 'NONE',  ( 0.000000000000000000, 0.000000000000000000, 1.000000000000000000 ) ) ;
#3009 = DIRECTION ( 'NONE',  ( -0.000000000000000000, -1.000000000000000000, -0.000000000000000000 ) ) ;
#3010 = ORIENTED_EDGE ( 'NONE', *, *, #2920, .T. ) ;
#3011 = DIRECTION ( 'NONE',  ( -0.000000000000000000, -1.000000000000000000, -0.000000000000000000 ) ) ;
#3012 = EDGE_CURVE ( 'NONE', #1106, #2005, #2414, .T. ) ;
#3013 = DIRECTION ( 'NONE',  ( -0.000000000000000000, -0.000000000000000000, -1.000000000000000000 ) ) ;
#3014 = VERTEX_POINT ( 'NONE', #2030 ) ;
#3015 = CARTESIAN_POINT ( 'NONE',  ( 39.99999999999999289, 14.00000000000000000, -70.50000000000000000 ) ) ;
#3016 = ORIENTED_EDGE ( 'NONE', *, *, #178, .F. ) ;
#3017 = ORIENTED_EDGE ( 'NONE', *, *, #1987, .T. ) ;
#3018 = FACE_OUTER_BOUND ( 'NONE', #1531, .T. ) ;
#3019 = CARTESIAN_POINT ( 'NONE',  ( -40.67128607910483140, -2.000000000000001776, 54.00000000000000000 ) ) ;
#3020 = ORIENTED_EDGE ( 'NONE', *, *, #806, .T. ) ;
#3021 = CYLINDRICAL_SURFACE ( 'NONE', #762, 2.000000000000001776 ) ;
#3022 = DIRECTION ( 'NONE',  ( -0.000000000000000000, -0.000000000000000000, -1.000000000000000000 ) ) ;
#3023 = ADVANCED_FACE ( 'NONE', ( #322 ), #245, .F. ) ;
#3024 = AXIS2_PLACEMENT_3D ( 'NONE', #1945, #684, #200 ) ;
#3025 = LINE ( 'NONE', #1285, #199 ) ;
#3026 = VERTEX_POINT ( 'NONE', #744 ) ;
#3027 = VECTOR ( 'NONE', #1569, 1000.000000000000000 ) ;
#3028 = DIRECTION ( 'NONE',  ( -0.000000000000000000, 0.000000000000000000, 1.000000000000000000 ) ) ;
#3029 = DIRECTION ( 'NONE',  ( -1.000000000000000000, 0.000000000000000000, 0.000000000000000000 ) ) ;
#3030 = EDGE_LOOP ( 'NONE', ( #2467, #417, #1306, #2235 ) ) ;
#3031 = ADVANCED_FACE ( 'NONE', ( #304 ), #820, .F. ) ;
#3032 = DIRECTION ( 'NONE',  ( -0.000000000000000000, -1.000000000000000000, -0.000000000000000000 ) ) ;
#3033 = VERTEX_POINT ( 'NONE', #2902 ) ;
#3034 = ORIENTED_EDGE ( 'NONE', *, *, #1449, .T. ) ;
#3035 = DIRECTION ( 'NONE',  ( 1.000000000000000000, -0.000000000000000000, -0.000000000000000000 ) ) ;
#3036 = CIRCLE ( 'NONE', #2938, 8.999999999999994671 ) ;
#3037 = LINE ( 'NONE', #2283, #2628 ) ;
#3038 = ADVANCED_FACE ( 'NONE', ( #2430 ), #253, .F. ) ;
#3039 = ORIENTED_EDGE ( 'NONE', *, *, #2209, .F. ) ;
#3040 = AXIS2_PLACEMENT_3D ( 'NONE', #408, #888, #435 ) ;
#3041 = CYLINDRICAL_SURFACE ( 'NONE', #149, 23.99999999999993960 ) ;
#3042 = DIRECTION ( 'NONE',  ( -0.000000000000000000, -1.000000000000000000, -0.000000000000000000 ) ) ;
#3043 = AXIS2_PLACEMENT_3D ( 'NONE', #2108, #909, #882 ) ;
#3044 = AXIS2_PLACEMENT_3D ( 'NONE', #945, #225, #1474 ) ;
#3045 = CARTESIAN_POINT ( 'NONE',  ( -150.0000000000000000, 0.000000000000000000, 54.00000000000000000 ) ) ;
#3046 = EDGE_LOOP ( 'NONE', ( #2243, #303 ) ) ;
#3047 = CIRCLE ( 'NONE', #669, 5.500000000000005329 ) ;
#3048 = CARTESIAN_POINT ( 'NONE',  ( 50.00000000000000000, -2.000000000000001776, 56.00000000000000000 ) ) ;
#3049 = DIRECTION ( 'NONE',  ( 0.000000000000000000, -1.000000000000000000, 0.000000000000000000 ) ) ;
#3050 = DIRECTION ( 'NONE',  ( -0.000000000000000000, -1.000000000000000000, -0.000000000000000000 ) ) ;
#3051 = ORIENTED_EDGE ( 'NONE', *, *, #1084, .F. ) ;
#3052 = ORIENTED_EDGE ( 'NONE', *, *, #1605, .T. ) ;
#3053 = DIRECTION ( 'NONE',  ( 1.000000000000000000, -0.000000000000000000, -0.000000000000000000 ) ) ;
#3054 = ORIENTED_EDGE ( 'NONE', *, *, #2599, .T. ) ;
#3055 = DIRECTION ( 'NONE',  ( 0.000000000000000000, 0.000000000000000000, -1.000000000000000000 ) ) ;
#3056 = DIRECTION ( 'NONE',  ( 0.000000000000000000, 0.000000000000000000, -1.000000000000000000 ) ) ;
#3057 = ADVANCED_FACE ( 'NONE', ( #2011 ), #2950, .F. ) ;
#3058 = ADVANCED_FACE ( 'NONE', ( #1280, #966 ), #1224, .F. ) ;
#3059 = DIRECTION ( 'NONE',  ( -0.000000000000000000, -1.000000000000000000, -0.000000000000000000 ) ) ;
#3060 = DIRECTION ( 'NONE',  ( -0.000000000000000000, -1.000000000000000000, -0.000000000000000000 ) ) ;
#3061 = DIRECTION ( 'NONE',  ( -0.000000000000000000, -1.000000000000000000, -0.000000000000000000 ) ) ;
#3062 = FACE_OUTER_BOUND ( 'NONE', #866, .T. ) ;
#3063 = ORIENTED_EDGE ( 'NONE', *, *, #2249, .T. ) ;
#3064 = EDGE_LOOP ( 'NONE', ( #126, #2621, #1795, #2549, #782 ) ) ;
#3065 = FACE_OUTER_BOUND ( 'NONE', #2634, .T. ) ;
#3066 = DIRECTION ( 'NONE',  ( 1.000000000000000000, -0.000000000000000000, -0.000000000000000000 ) ) ;
#3067 = ORIENTED_EDGE ( 'NONE', *, *, #1255, .T. ) ;
#3068 = DIRECTION ( 'NONE',  ( 0.000000000000000000, 0.000000000000000000, -1.000000000000000000 ) ) ;
#3069 = DIRECTION ( 'NONE',  ( -0.000000000000000000, -1.000000000000000000, -0.000000000000000000 ) ) ;
#3070 = ADVANCED_FACE ( 'NONE', ( #2972 ), #2094, .F. ) ;
#3071 = DIRECTION ( 'NONE',  ( -0.000000000000000000, -1.000000000000000000, -0.000000000000000000 ) ) ;
#3072 = VECTOR ( 'NONE', #1207, 1000.000000000000000 ) ;
#3073 = EDGE_CURVE ( 'NONE', #813, #2864, #3047, .T. ) ;
#3074 = CARTESIAN_POINT ( 'NONE',  ( 40.67128607910485982, -2.000000000000001776, 54.00000000000000000 ) ) ;
#3075 = CIRCLE ( 'NONE', #542, 11.99999999999999645 ) ;
#3076 = B_SPLINE_CURVE_WITH_KNOTS ( 'NONE', 3,
 ( #248, #1284, #2679, #6, #2966, #2917, #1253 ),
 .UNSPECIFIED., .F., .F.,
 ( 4, 3, 4 ),
 ( 0.000000000000000000, 0.0002619798331991780751, 0.001342572251666258789 ),
 .UNSPECIFIED. ) ;
#3077 = LINE ( 'NONE', #1354, #1832 ) ;
#3078 = EDGE_CURVE ( 'NONE', #2360, #2767, #1808, .T. ) ;
#3079 = CIRCLE ( 'NONE', #950, 2.000000000000000000 ) ;
#3080 = DIRECTION ( 'NONE',  ( -0.000000000000000000, 0.000000000000000000, 1.000000000000000000 ) ) ;
#3081 = ORIENTED_EDGE ( 'NONE', *, *, #1395, .F. ) ;
#3082 = ORIENTED_EDGE ( 'NONE', *, *, #2764, .F. ) ;
#3083 = AXIS2_PLACEMENT_3D ( 'NONE', #2215, #2924, #956 ) ;
#3084 = CARTESIAN_POINT ( 'NONE',  ( 120.0000000000000000, 0.000000000000000000, -59.50000000000000000 ) ) ;
#3085 = ORIENTED_EDGE ( 'NONE', *, *, #1296, .F. ) ;
#3086 = CARTESIAN_POINT ( 'NONE',  ( 120.0000000000000142, 0.000000000000000000, 65.00000000000000000 ) ) ;
#3087 = DIRECTION ( 'NONE',  ( 0.000000000000000000, 0.000000000000000000, 1.000000000000000000 ) ) ;
#3088 = CIRCLE ( 'NONE', #2231, 9.024999999999998579 ) ;
#3089 = CIRCLE ( 'NONE', #1729, 8.999999999999994671 ) ;
#3090 = CARTESIAN_POINT ( 'NONE',  ( -39.32871392089516860, -2.000000000000000000, -56.00000000000000000 ) ) ;
#3091 = AXIS2_PLACEMENT_3D ( 'NONE', #302, #94, #2295 ) ;
#3092 = EDGE_LOOP ( 'NONE', ( #1217, #2759, #321, #14 ) ) ;
#3093 = AXIS2_PLACEMENT_3D ( 'NONE', #964, #1939, #2427 ) ;
#3094 = DIRECTION ( 'NONE',  ( 0.4596467059976211966, 0.8881018554566453282, 0.000000000000000000 ) ) ;
#3095 = AXIS2_PLACEMENT_3D ( 'NONE', #2298, #2833, #386 ) ;
#3096 = EDGE_CURVE ( 'NONE', #205, #263, #1426, .T. ) ;
#3097 = EDGE_CURVE ( 'NONE', #2360, #1122, #2141, .T. ) ;
#3098 = CARTESIAN_POINT ( 'NONE',  ( 120.0000000000000142, 9.999999999999994671, 56.00000000000000711 ) ) ;
#3099 = DIRECTION ( 'NONE',  ( 0.000000000000000000, 0.000000000000000000, -1.000000000000000000 ) ) ;
#3100 = VERTEX_POINT ( 'NONE', #3005 ) ;
#3101 = ORIENTED_EDGE ( 'NONE', *, *, #314, .F. ) ;
#3102 = DIRECTION ( 'NONE',  ( 0.000000000000000000, 0.000000000000000000, -1.000000000000000000 ) ) ;
#3103 = VERTEX_POINT ( 'NONE', #598 ) ;
#3104 = DIRECTION ( 'NONE',  ( 0.000000000000000000, -0.7071067811865474617, -0.7071067811865474617 ) ) ;
#3105 = DIRECTION ( 'NONE',  ( 0.000000000000000000, 0.000000000000000000, -1.000000000000000000 ) ) ;
#3106 = CARTESIAN_POINT ( 'NONE',  ( 120.0000000000000000, 0.02499999999999464456, -65.00000000000000000 ) ) ;
#3107 = ORIENTED_EDGE ( 'NONE', *, *, #1142, .T. ) ;
#3108 = CARTESIAN_POINT ( 'NONE',  ( 40.23002589366095805, -0.03291242157578742888, 54.00000000000769518 ) ) ;
#3109 = CARTESIAN_POINT ( 'NONE',  ( -147.6839811761699366, -2.000000000000004441, -54.00000000000000000 ) ) ;
#3110 = DIRECTION ( 'NONE',  ( -0.000000000000000000, -1.000000000000000000, -0.000000000000000000 ) ) ;
#3111 = EDGE_CURVE ( 'NONE', #1417, #26, #1842, .T. ) ;
#3112 = VERTEX_POINT ( 'NONE', #2079 ) ;
#3113 = CARTESIAN_POINT ( 'NONE',  ( 62.00000000000000000, -141.0000000000000000, 40.00000000000000000 ) ) ;
#3114 = EDGE_LOOP ( 'NONE', ( #2818, #2765, #71, #489, #528, #2401 ) ) ;
#3115 = CARTESIAN_POINT ( 'NONE',  ( 120.0000000000000000, -2.602085213965210642E-15, -65.00000000000000000 ) ) ;
#3116 = ORIENTED_EDGE ( 'NONE', *, *, #1244, .T. ) ;
#3117 = ADVANCED_FACE ( 'NONE', ( #3018 ), #1493, .F. ) ;
#3118 = CARTESIAN_POINT ( 'NONE',  ( 149.5712385953152932, -0.8284271247461560961, 54.00000000000003553 ) ) ;
#3119 = CARTESIAN_POINT ( 'NONE',  ( -111.0000000000000000, 9.999999999999994671, -65.00000000000000000 ) ) ;
#3120 = DIRECTION ( 'NONE',  ( -0.8881018554566454393, 0.4596467059976212521, 0.000000000000000000 ) ) ;
#3121 = AXIS2_PLACEMENT_3D ( 'NONE', #1045, #2018, #292 ) ;
#3122 = ORIENTED_EDGE ( 'NONE', *, *, #1219, .F. ) ;
#3123 = PRODUCT ( 'Turbo Fan Pylon Mound SolidWorks-for github', 'Turbo Fan Pylon Mound SolidWorks-for github', '', ( #616 ) ) ;
#3124 = ADVANCED_FACE ( 'NONE', ( #3065 ), #1611, .T. ) ;
#3125 = CIRCLE ( 'NONE', #1158, 9.025000000000005684 ) ;
#3126 = LINE ( 'NONE', #2185, #2629 ) ;
#3127 = VERTEX_POINT ( 'NONE', #1599 ) ;
#3128 = CARTESIAN_POINT ( 'NONE',  ( 40.00000000000000711, -2.602085213965210642E-15, 65.00000000000000000 ) ) ;
#3129 = EDGE_LOOP ( 'NONE', ( #174, #1374, #1983, #364 ) ) ;
#3130 = CONICAL_SURFACE ( 'NONE', #2529, 9.025000000000005684, 0.7853981633975176679 ) ;
#3131 = EDGE_CURVE ( 'NONE', #472, #3100, #770, .T. ) ;
#3132 = EDGE_CURVE ( 'NONE', #263, #208, #201, .T. ) ;
#3133 = CARTESIAN_POINT ( 'NONE',  ( 0.000000000000000000, 0.000000000000000000, 40.00000000000000000 ) ) ;
#3134 = AXIS2_PLACEMENT_3D ( 'NONE', #1640, #2608, #415 ) ;
#3135 = CARTESIAN_POINT ( 'NONE',  ( -150.0000000000000000, 0.000000000000000000, 75.00000000000000000 ) ) ;
#3136 = DIRECTION ( 'NONE',  ( 0.000000000000000000, 0.000000000000000000, -1.000000000000000000 ) ) ;
#3137 = CARTESIAN_POINT ( 'NONE',  ( 150.0000000000000000, 0.000000000000000000, 54.00000000000000000 ) ) ;
#3138 = AXIS2_PLACEMENT_3D ( 'NONE', #2462, #278, #1494 ) ;
#3139 = ORIENTED_EDGE ( 'NONE', *, *, #3132, .T. ) ;
#3140 = AXIS2_PLACEMENT_3D ( 'NONE', #2837, #958, #2409 ) ;
#3141 = LINE ( 'NONE', #671, #747 ) ;
#3142 = AXIS2_PLACEMENT_3D ( 'NONE', #2830, #1134, #3099 ) ;
#3143 = DIRECTION ( 'NONE',  ( 0.000000000000000000, -1.000000000000000000, 0.000000000000000000 ) ) ;
#3144 = LINE ( 'NONE', #1961, #2685 ) ;
#3145 = CIRCLE ( 'NONE', #2995, 9.025000000000005684 ) ;
#3146 = CARTESIAN_POINT ( 'NONE',  ( 50.00000000000000000, -141.0000000000000000, 54.00000000000000000 ) ) ;
#3147 = ORIENTED_EDGE ( 'NONE', *, *, #3096, .F. ) ;
#3148 = CARTESIAN_POINT ( 'NONE',  ( -39.99999999999999289, 0.000000000000000000, 65.00000000000000000 ) ) ;
#3149 = ORIENTED_EDGE ( 'NONE', *, *, #2016, .F. ) ;
#3150 =( BOUNDED_SURFACE ( )  B_SPLINE_SURFACE ( 3, 2, ( 
 ( #1176, #2858, #1412 ),
 ( #2415, #1909, #1639 ),
 ( #1702, #3108, #935 ),
 ( #2844, #2650, #3074 ) ),
 .UNSPECIFIED., .F., .F., .F. ) 
 B_SPLINE_SURFACE_WITH_KNOTS ( ( 4, 4 ),
 ( 3, 3 ),
 ( 0.006593514117990579085, 0.007951212332966530252 ),
 ( 0.000000000000000000, 1.000000000000000000 ),
 .UNSPECIFIED. ) 
 GEOMETRIC_REPRESENTATION_ITEM ( )  RATIONAL_B_SPLINE_SURFACE ( (
 ( 1.000000000000000000, 0.7071067811865460184, 1.000000000000000000),
 ( 1.000000000000000000, 0.7129803012494316805, 1.000000000000000000),
 ( 1.000000000000000000, 0.7129799938122317604, 1.000000000000000000),
 ( 1.000000000000000000, 0.7071067811865460184, 1.000000000000000000) ) ) 
 REPRESENTATION_ITEM ( '' )  SURFACE ( )  );
#3151 = CARTESIAN_POINT ( 'NONE',  ( 40.67128607910483140, 0.000000000000000000, -56.00000000000000711 ) ) ;
ENDSEC;
END-ISO-10303-21;
